Feature_1,Feature_2,Feature_3,Feature_4,Target
0.10597843481298186,-0.362926565828814,0.6477523636867464,-0.14676904275125846,0
-0.9218799720392645,-2.110491579720426,-0.9499491863357303,1.9576221898288186,2
0.8129302485750288,-3.1535272201045483,-0.3917787143188043,0.10190827002094915,3
-0.10468117065303417,0.2274015002692742,0.4857975986870485,0.41368342772554134,4
-3.206825613439415,-0.056563537896189287,1.6842105130597116,-3.1755970788065,1
1.521876897698387,-0.90470224126344,-0.26586793173629175,0.7645040821920184,3
1.1846541579081018,-0.923273615646098,-0.8924040845165686,-1.2835445216169974,0
-0.8359418922415353,-2.1233963620013743,-0.8503688209869021,2.9912856708480877,2
-0.29979611835999886,-1.4546440578393274,-2.209003831350675,1.7707068290910337,3
-2.601637142559487,0.7202014884278658,0.34625036388191877,-0.4427612877969067,2
0.39952337937174076,-1.721074299336494,0.12679949222683473,-0.07292202960496652,2
3.505294257764773,2.3821938931761353,-2.8733834228502597,-3.051359742477072,0
2.0455061935930274,0.9580742536989948,-1.6274557786032329,-1.3907360057816571,0
0.7100256028127782,-1.1491350527707556,2.777670527614725,1.7877810346026939,4
0.6124475714794361,-2.6605015725832466,0.60508304805028,-0.20790247861306999,0
-0.2465724374347419,-1.2478540883604614,-1.1476738033825082,0.8236911371391633,2
0.8026332041397232,-0.418568119862878,-0.9986089539168853,1.7662107466255188,3
0.5786050609614678,0.43589950904430674,-1.8268044727197705,-0.34954228528751485,0
0.931478224076705,-1.625858114688978,-0.776486255986198,-0.22593148401213492,3
1.301071262849768,-1.7257216994389128,1.7624366733740682,0.5065458767348838,4
-2.2936603050002216,-0.12660823581529002,1.1554393525651316,-1.4780253750445107,1
1.5247543276665794,-0.536863531157384,1.3883827174201526,0.09476941148207652,0
-0.2980334092453626,-1.9887027611539425,-1.6846986837315159,1.019095127574088,2
-0.34156973554663206,-2.239239652102267,2.2013431309646543,0.5519840264503322,4
-0.9953387364949923,3.7136233590858168,1.8360601747556404,0.07870693831443631,1
-2.955113239908024,-0.43565298190776813,0.47871531102552,1.9559299566719837,2
0.2603017898752712,-1.0277578222762718,-1.3883866584188211,1.8902549905132875,3
-1.5287384692577137,-0.7210328826178514,-0.5861794491227927,1.122148941443832,2
-0.6337659121178424,1.3343114033380732,0.726600194837057,-0.8670885361365369,1
1.5914420560975837,-1.0218523242580395,-0.20017457639384872,-0.36829695008195307,3
-2.3837439656996695,0.6888608643013931,0.3175671558605939,2.0085416243488394,2
-0.29332322682858103,-0.320255776494503,2.402309107920705,1.4317384584094026,4
0.2403777881795781,-1.5388860724053015,-1.1357580419746864,-1.4284296591336418,0
-3.192377799653523,0.16650686218042432,1.576274177047965,-2.948052393032421,1
1.2819431980256955,-0.8883201362790953,-1.1513802111879654,-0.7065625050538744,3
-2.5536902340335295,-0.6850752997240941,0.34239695712357,-1.686717660629767,1
-0.46168808334199074,-1.3101542007926532,-1.4021535087341912,1.9620024420132258,2
1.7284702924778537,-0.20922314461388913,0.6674961790326025,0.8775903065317003,4
0.15770849070154158,-1.3606308386234547,-1.7394804748526593,-0.6556359400926675,4
0.04261937104042923,-4.697543188249314,-0.08132863566977533,0.28616893677696953,0
0.24662041067134166,0.06560985890733684,-1.4995979121097487,1.8036261451674065,3
1.086379125488995,-2.2505410598835875,1.0024579645373493,1.7213431927379204,4
0.5468804090979426,1.4681652842523092,-3.5677564123043557,2.584133908680154,3
2.8767788483539167,-1.2082436502401637,0.19557981843154337,0.9274376921506465,3
0.7172038110806908,-0.8866369072746542,-1.1046681703396326,1.4126126346256975,3
3.1834046141735404,-0.38113796074562734,2.356297234066423,2.5431291647500966,4
1.4075877411751403,-0.5499920485368708,0.8463553390283145,1.049261881955976,4
-1.7754536796550888,-0.2918102702493999,-0.3325127592462106,1.7629912591473103,2
1.7335344175073386,0.9315936635901465,-2.488394442080253,-2.6843019615472032,0
-0.12480422954114911,-1.1699054380738407,-1.8122445061153976,-0.5026624361720269,2
0.05054266999152901,-0.9302308941966939,-1.2266702409515693,2.1211133628800845,3
0.34255712481819145,-1.936764300495364,-1.036927844982102,1.1848606594864908,3
1.4334150981828317,-0.6220297828147989,-0.42036468604046184,1.1043990667547665,3
1.7729946446349412,0.5550519689985145,-1.0827625303142896,0.8081068746137021,2
-1.3470046565882268,-1.6410617435658414,-0.5956283668936395,2.949164110565399,2
-0.17952114471422886,-1.5697917225459785,-1.7716533746390626,1.287584506646191,2
-3.918070405958367,0.284220406037498,2.4410821730493533,-4.509919197337275,1
1.285080488394316,-1.6678699574203026,-0.6395869130065565,0.6099054013873846,0
0.9332197731681986,-0.21639360806180707,0.8809536793132591,2.03811556168495,4
0.312186843375419,-2.856315605955479,-2.3705224925583277,-1.8515653158804126,0
-0.9461378554758748,0.6268316968412186,0.6802809214960641,-0.6012905621290312,1
1.9282434049127302,-0.4057632952045277,0.09562898113106533,-0.3362196216991383,0
0.6699941141971648,-0.35933251797682286,-1.4272671982097656,0.4522719938066325,3
2.1705540318118053,0.15359802433467817,0.08169252850270214,0.1811067264800016,3
1.347728979974522,-0.5420093703555371,-1.278055559151882,0.9626595439439108,3
-0.3687727208683572,-1.1828978645388029,-1.1091933404284096,-1.3280239553998596,2
1.47318106274316,-2.4985852759503353,-0.8320674842824447,-1.1470619654744376,0
-2.0775064302516966,-0.13532851733932816,1.3131867224511264,-1.9602160120283676,1
-0.19690555213635874,-2.6228124651609726,-0.30453527327343954,-0.16765128120863038,3
-0.4607491008543205,-1.3396162432277423,-1.7712422823836378,0.8964691346668875,2
0.15731774418968625,-0.9222430186917597,-2.26959921649619,2.1965326881124265,3
-1.2072392147742543,-1.2334936327320556,-0.6324032425044752,3.1353339610733566,2
-0.3660401925796255,-3.7230248086827613,1.2085262294526569,1.1076180593549791,0
0.26812506541246883,-0.7823748619576196,-1.0155216859055225,-0.940217731306586,0
0.4093215561762248,-0.7749168493531575,-2.0575131078597044,1.5647292189069937,3
1.249544044403793,-1.33881141349532,-1.0411470624158101,0.9458948727107408,3
-0.14089592272421936,-1.2374955684112428,-1.554243098254477,2.0303016901074438,2
-0.06080725606594406,0.6882499114206126,1.1892665672308145,-1.1008774990435897,1
-0.7782149216579145,0.8322812037819577,-0.4351305423709486,0.6799852687668866,1
1.7952666513277022,0.38855929816687906,1.2665205344336325,1.7299189007971294,4
0.4775574969780725,-0.7415210463882391,-1.9354041980044412,1.5790322962747831,2
1.836142719229699,-1.2605528716406709,1.0012680144865278,2.102107868760654,4
0.17783858769201966,2.8226580246165547,1.0005316285228563,0.41240051820635637,1
0.5589019573519118,-1.2045954771663288,-0.11715925937214178,-0.017416325780952757,0
2.3270678029024405,-0.5301982026645424,-0.5318125593331728,0.3190903331947593,3
-0.7409545942350357,-2.874820851457744,-1.8222346791569888,0.22261643888292337,2
2.196435747541521,1.1060451782752048,-1.8734038069662784,-2.4539186440273273,0
1.6898278928085149,-0.004305472630160123,-0.1914028113647146,-1.0165821939989426,0
1.023447781834867,-0.29918821275584784,-0.7950857395380725,-0.6840107436202834,0
1.3467283689528589,-2.2797102775118425,-0.24970770289594446,-1.011180798851242,4
-1.038518694107493,-1.4649253532541193,-1.1857860015473447,0.6247179643404273,2
0.06626436121217472,2.949687465795506,2.2133477132566215,-1.817994486765483,1
-0.7068752260650109,-1.7567021560109835,-1.3036990244919828,-0.6046618959685726,2
0.06979860771010693,0.15587432735350526,-2.0958042104503747,-1.5437863739612823,0
1.508799570633283,-0.7471094930327364,-2.1229212858267865,-2.7676144390182063,0
4.301060897363848,2.1769783123891093,-0.12754369266032595,0.7058429545150604,1
-3.0757993424081125,2.7356835460351956,2.9103902748145765,-2.8291326926405835,1
0.48377842335154786,-1.6491534338703517,2.044009876943246,1.5357704149837095,4
1.2659521080715033,-0.6111272433179733,-0.897596340083854,-0.8637773034346838,0
0.8973362004523545,-0.5814855969588331,-1.4748987498118997,0.808182525385829,3
2.0340243607683632,-0.8406290924723869,0.8110733470200491,-0.950004213976895,0
-2.191253056697767,1.74948939776515,0.7952927087339148,-0.19210290169867927,1
0.35573800890011886,-0.34322885347294585,-0.1669345113889109,-0.7055881977032465,4
-0.029872226221839826,2.2563097717553213,0.7429080800851383,0.20984343678579442,1
0.9166762659441792,-1.704070594785195,-1.0977903111481409,0.6791638311456566,3
-2.1347176096603704,-1.1185118322625545,-0.5584277781036837,1.455501911412505,2
1.121942515903033,-0.4797702237608278,-0.37650487864201476,-1.0097901860145262,0
1.4784649863643047,-3.201382042163021,1.5793442091616927,0.9091955169824154,4
0.3503422271789669,-1.4793424928345815,1.6364827288901909,1.4264211936202007,0
1.120880067141376,-0.9578089377339848,-0.03849046883395335,0.9309577111821223,4
1.5793857544403531,0.5167297603693929,-1.5303813794699548,1.6031153908908102,1
-3.8738873236578204,3.024676863348578,2.9696140410619685,-2.5095811064546094,1
0.6554731998024212,-0.04238473518031438,2.99491762019954,0.012962088912907177,0
-0.7986954792165913,-0.6467794096618303,-1.1172286804553075,-0.9390336155638315,2
-1.444412335194019,0.34775375496843464,1.9032826543355568,-2.9337572269521868,1
-0.441457995641515,-2.6524031414418716,-1.2538293694341311,0.3974887292829622,3
-0.19895669547450046,-3.314662743813149,-2.566107544682831,1.6671191946518271,2
-1.1418946501717164,0.23396594395965342,0.008621183701980284,0.3486369893881167,1
-0.9217374549657135,-1.0525154707019169,-0.6704476049983692,1.8561247368560618,2
-0.11326317052916957,-2.0971729040896108,-0.45322693617346144,0.9061610185871947,0
-2.7085343019328842,-1.0479674563319143,-0.22122032330618013,1.4540587572520514,2
0.4996839679036065,-1.3251728619461096,-1.7489376463588457,0.5871574161779174,3
2.205155435004321,-1.4202362141334874,2.0460318575858,2.9651019604083806,4
-1.7028119119286032,-0.0656606146229114,-0.16375309651030656,0.14026156222523822,2
-1.9849554091963413,-2.8762758622802407,-1.4311555720086817,0.6648300196436359,2
-3.0050733424791853,-1.5586011186370272,-0.06520552291367365,-1.5742504124046155,1
-0.8543490454769851,-1.2125485664844198,-0.9319681312488454,0.9266119531946662,2
-2.5676571382223896,-0.26282266861935755,0.6492270238110829,-1.1347360195199399,1
0.3412487823793252,-2.8252728562183687,0.6050102812566527,0.1820054500027748,0
0.9227169592106219,1.7794246613086782,1.0853466365924622,-1.0203755947460145,1
1.0757704446708651,-0.5392589637814003,0.09446631681950124,0.13906356963119304,0
2.3027470839983315,0.7915317611624566,-0.6408281561541436,1.0049941654856762,1
1.313354472703036,-0.8272629437241029,-1.1273214424433624,-1.4147095368443359,0
0.9895349702678666,-0.7803541362445279,-0.9844649540783709,1.726955805920395,3
1.797553788863453,0.09407160667975023,-1.3291927592690218,-1.4608622051145335,0
2.3085389999960597,-0.4826298625143264,-0.2641948779180776,1.2405229084585645,4
2.0003833309234107,-2.84190351109278,0.6954784409821424,-0.39438165053950813,3
2.247798352785437,-0.543308649107954,-0.8638792104392727,-1.8221158113823146,0
-3.013055953897211,0.7135937768840863,1.077918656914851,-0.43327411310865493,1
-2.855454061326623,0.5097400158096768,0.42107561280153694,0.755957330492885,2
-3.6086074969216915,-1.724105765185415,-0.0626335379763171,-0.0996153828857671,2
1.354440473059995,0.8626608924851138,0.4923762106599008,-1.0047811830703386,0
2.1407025704431746,-0.327534248948558,0.47387776512544966,1.7912073489524647,4
-1.2953116502571222,-1.7167409862879777,-0.4923202144341079,-0.6556856880926333,1
0.23386789280487086,-1.278614888100111,-0.10812267199735393,-0.3852476001759749,0
1.5057287988335524,-0.33499292800310787,-0.5462540673580534,1.1265351175022835,3
-2.0714861403866696,0.6163312974162805,1.6631170249538765,-2.5937487860930544,1
-1.6405683447504553,1.8937783672637756,0.6180284495673635,1.1088704202950423,1
1.2672647336805163,-2.596615783203073,-0.06169405009294904,-0.3341349223623824,3
-0.19560651304213517,-0.7712805150749272,-1.2213066311479532,-0.14369376674509082,2
-1.1550559506482723,2.787205859962862,3.764133306586258,-4.834642163068235,1
2.575750653960352,0.0942216722259559,1.8326855366725656,2.1373634947393945,2
0.7050500162612605,0.17234934140206382,-0.9102750034836452,-0.436974605698243,0
0.5926170861936586,3.19916508006786,1.8412686373581493,-0.8644555839094489,1
0.612197059198919,1.9833641844214274,0.9620047330929967,1.8172945511821155,4
1.8935652893171113,0.34835569204307393,-1.6735443393463911,2.3463376909435,3
1.3103944398669252,-1.561549616084831,-0.15101099136285923,1.1620160078576474,4
-0.3990338693340626,-1.1003571652938382,-0.9965695152876004,0.8064357112260594,2
-1.6514728081882177,0.08352018709058517,-1.5109825753224673,2.1302243068297093,1
-2.3800109327298142,-1.3701458447733814,-0.3441672236966309,2.73812579746029,2
0.25162482660569707,0.4914420650554103,-0.5611907611431861,1.8901754068024361,2
-1.644783311130206,-0.5070905489765463,-0.5486917010625505,1.784618267302188,2
-2.0547894706745704,1.1140424149207522,0.858258899717169,-0.33383217509726715,1
1.5011108746799922,1.8387156693438311,-0.3737124837161646,-1.64772105446188,0
-2.5083303134533965,-1.5817058670441142,-1.0132996772314464,-1.5528754120971215,2
-0.10107786707353927,-0.6303513420449736,1.946389014123631,1.2532514135763404,4
-0.9531483208098153,-2.3143138455084014,-0.4023655890482143,1.6726893691142897,3
0.025943462139590423,3.1601544184906816,2.488884765279032,-1.0540243183857205,1
1.2555360913287057,-0.2807406204531693,2.173917370735773,3.065404963312539,4
-1.0608047520370159,-0.0696474287706289,-1.0610854545837285,-0.4238861808477592,2
0.3982837239902758,-2.7421560524297606,0.5177032188082791,-0.038281387093629826,4
2.3465833580672264,-1.3902034616513106,-0.13345745365502026,0.485266532358287,3
0.7594157713279239,-1.4269790602917718,1.571662833608013,1.5048652181242739,4
0.5492230311767614,-1.0106844131845405,-1.9270431476858245,0.627732428379288,2
-2.162069390081726,-0.7294406622620029,0.14206174713843844,3.0822982572425643,2
0.17116688787250456,1.8931214209633636,1.0973513660195622,-0.47684317625158645,1
-1.0664491343865952,-1.5709471392137315,-0.9725600844775761,0.2208946364117217,2
-2.1609911586876267,-0.6216079220378696,0.5368167696739662,-2.5582843277605134,1
0.10412434759669653,-1.1341286665685053,-1.3207785167049244,1.4210687552352674,3
1.5025609211377469,-2.766343158222776,2.126096362676715,1.20167581388925,4
0.189589337353802,-1.0740016956246707,-1.7302072021614787,2.0300210390831204,2
-0.8143554848937138,1.6718198401193327,2.194218028940927,-2.3442023564391405,1
-0.42958125909067335,-1.6201124530366302,0.5516226843921354,-0.27549767376636725,4
1.9156300137671245,-1.7631454142378518,1.2650468973593703,0.7459606088854607,4
1.3024772186016347,-1.4233728182439607,-1.3361602338125584,-1.622346657601816,0
0.559796898260399,-0.694257742375298,-1.706453240372317,1.1132231883813335,3
0.19456689065736332,-1.5585305940946568,1.9157516630085893,1.4061982451172002,4
-0.8366702565757537,-1.4954139390359398,-1.161773191206238,0.2021134529472568,2
-1.06657275193006,-0.2818885495618466,0.4269673302892869,-1.5215031809410122,1
-2.2168611646497896,-0.32644614765005575,0.08628937054291819,1.423781412654551,2
-2.3888802760739325,-1.4405758324006186,-0.09831465373650228,-0.3805287471057013,1
1.2632067600742214,-2.68555690147428,0.505215915536721,0.14040810009757665,4
0.7661681746929847,-0.874241674906289,0.43255566980178595,1.1484967161101505,4
-1.006050769049098,1.0403960185843966,1.012909584113886,-1.6539815456486588,1
0.1658384897028633,-2.273513997945555,-1.898904261278431,-1.3202774224523077,0
2.118494061121242,0.25419612615030496,-1.5793280046138014,-1.5259413094651146,0
-1.0655824115879353,-1.8789913948022487,1.9391952696640153,0.673822797889017,4
-0.9853681766960527,1.5605411323410383,3.152856212287,-4.150727128912235,1
0.8800453899405252,-0.8874698043253452,-1.9742259306595573,0.3808445004577935,2
1.8007567178727588,-2.157438769895008,0.8178508987346356,0.9484404308291987,4
-1.7596663250234896,-1.0138608561187405,-0.6391941399449522,2.159166819409611,2
-1.7045644854485955,-0.6664139829638728,-0.7113306383276745,1.83930648655873,2
1.059837562694487,-2.217518261607411,-0.009401768435991387,0.8576268679128106,3
-0.03598968873525488,-1.3970828828034856,-2.694057038654509,-0.9859998535487219,0
-2.707030344262019,-0.9677153410990035,-0.2902905991066329,1.0169437237546057,2
0.8274938938622355,-3.5390050815428276,0.6201283875202808,-0.374671019624665,4
1.1663876229144092,0.7975440682869597,1.623444662924634,0.9527096327540985,4
1.0864733699163227,-1.3813089205761329,-1.126531322072961,-0.6351307362721066,0
0.47914526196604024,-2.427205447043909,-0.8399667786202119,-0.626392619566355,3
0.03772755383648041,-0.9389852473779371,1.0030960094414882,0.07032555989833389,0
-0.6022159063518371,1.4877851210948978,1.7315316730893724,-2.940574189113424,1
2.3046384131532003,-1.6209797520367617,-0.8007491173039354,0.995870820968431,4
-4.217372730215985,-2.293207429310637,0.5943099289372027,-2.546274910988125,1
1.5781260775904984,0.242165385507898,-0.34255453991264817,-1.0225393496583672,0
-0.582178490273457,0.7230708485158674,2.8849656670469788,1.0559101559956465,4
-0.957887683158589,-0.7581821397212397,-1.3011614361529908,0.6156621537609461,2
-3.2721016458524512,1.753442980932261,3.6188308108493086,-4.520144630032563,1
0.7688415118432035,0.3454329447770599,0.9600931616133439,1.8257840438807138,4
2.4541015443843186,-1.142317379832834,2.254329205397054,2.4285212012623933,4
1.7704220205581012,0.3219142747753698,0.18710531694960375,-0.7155498782297098,0
1.3797557467508446,-0.6468893989804285,-0.503375998811735,1.2844339042700335,3
-1.0719047980134035,1.0829208774808634,0.1808842141597854,-0.08861226305694836,1
1.4581732193269779,-1.5525811966138785,1.5922203456066004,1.604934831491431,4
-0.9445975515973661,2.0862793865382443,1.2990192232019564,-0.2672555243820869,1
1.0006407966653597,0.7245745802076633,1.1248322221199005,1.4318541591910363,4
1.3458174886981347,1.319683490624128,-0.65624234901128,-0.963089608216131,0
-1.7099774353944013,-1.3219835968274585,-1.1773563816216273,-0.1502403770712033,4
-0.3627726305773613,-0.3238308830646788,1.7374580640576096,1.124767340331997,4
-0.19661903180224527,-0.4528072527283006,-1.0828171706742429,-0.5225131014497464,2
1.3090787964288557,-0.9870425371807324,-0.9853531986547258,0.15084686351314436,3
-1.4114772704128888,-1.715717731690642,-1.1901689214269615,1.6990663357202824,2
1.5690785945067391,0.1440942722132017,-1.888823032735389,3.955499009258492,3
2.4531371683633827,1.1355470097204532,-0.925804657779143,1.0954269825036913,3
0.6813446806136492,3.761987252658843,1.7877242295341476,0.02633925834574269,1
2.0728770986635188,-0.7007990687635085,-3.0214056574129367,-2.2920735483945154,0
0.6945219803572187,-1.03186828622412,-0.9048424763790882,0.18028058907773514,3
0.09508921640285906,-1.4519412797017612,2.351377417465064,1.0813701627375596,4
2.1419376692458325,-0.9553835518260393,0.8362819385994676,1.2917809983577595,4
-0.15066498501481074,-2.380238944396459,-0.9715507151423023,0.1454581145742555,0
1.3048718572811118,2.6345681203443556,0.8072315383377501,-0.06270955190015293,1
-2.0077549246589754,-0.009652475071824984,1.8167501820411727,-2.8748738506517775,1
2.1793073386278135,3.4695452937959086,1.3626411102466367,0.049783541074092774,1
1.9019060741944984,-0.21531593558049955,-0.6511788680878168,1.0192742301544129,3
1.36655284869523,-2.1966896470271187,-3.1355613388018324,-2.589035524827305,0
1.627880436884182,-1.4849679853049702,1.8355295090278723,1.1762105858096772,4
0.788783853487495,-2.903258128462851,1.3994188772108676,0.49501544728824964,4
3.5491720819460575,1.136905357222632,-1.168022745581193,2.324701984559069,3
0.6752633162940839,-3.3603666397754504,-0.9582403667730595,-0.8193661133752252,0
0.6835674519419315,-0.8829841882367979,0.3672353194544471,0.7932175455946936,4
1.3716454584676467,-0.9387302772746939,-0.4065823068186172,0.5323789454433612,4
0.6521691762567248,-1.0936641234181699,-1.0357435333066591,-1.7652358264085009,0
-3.811277451967455,-0.07853036013616177,2.0989399027230338,-3.1268768283894763,1
1.944416405177663,1.976063451894876,-1.6017001084485751,-2.5185620238010347,0
-1.874838722074355,-0.11183410194023324,0.3600092392186247,2.960574317201603,2
0.9088694290418569,4.217365777530041,1.8012865327827323,-0.463671338606364,1
0.45133370836922837,-1.643739067882548,-2.019586421177724,1.1354588495617655,2
2.8196706991968874,0.9539737544547409,-0.6625511285429166,-2.105257747456057,0
-1.5278441280510258,-1.523031126883764,-1.2071637061908447,-0.41938327305931145,2
-0.39215127067263955,-2.012947259983259,0.40363248592779777,0.3878842437321339,0
-2.7813651077944423,2.1365907236719606,1.310906213780049,-0.5404015144851146,1
0.9076521175914021,0.34089793651751377,-0.3684655018057359,0.04486070468195302,4
1.7802682224642767,1.8230593219711513,-2.1309598655528985,-0.8146906532996552,2
0.6362596561777893,-1.117192785452455,1.5064712081568623,1.858256863128918,4
-0.5223758080273464,-0.7360857053939949,-1.1424705626670748,0.5144476372011293,2
1.5519568801907004,-1.8063975093036029,-2.897012625116851,0.20704082678239288,2
2.0853496715616537,-0.3132372256431163,-1.1352426909520545,0.9381986686597226,3
0.8847176302724327,-0.8603006697306566,-0.6654849854815423,0.542849705824964,3
0.42426104065016923,-0.11052637103356311,-0.17910899106340983,-0.1028474167650818,0
-0.21177378561203342,1.7201457380083394,-0.43767644404333383,1.9725218716169661,1
0.8145959540598157,-1.4237687028661534,-1.492683530096265,0.667451490029765,3
-2.217597498914866,-0.9822669450231583,0.6725885246738892,-1.3594648385171315,1
1.245541465250188,0.6505716802533961,0.43228677387682324,0.46913055578850604,4
-2.3861622200655375,-1.069343587552386,-0.036291609891782484,1.9726201191138135,2
-0.551765411611858,0.5610990792372144,0.7960556322405223,0.3764091688772979,1
1.329615219486851,-2.210204839757364,-2.4380878331457057,-1.4604725260377278,0
-0.1636971780368408,-1.4875241519836968,-0.9663243753833847,-0.5330519102669518,3
1.919027991776582,-0.5199799322400366,-1.0873817966638804,0.9371660375272333,3
1.7488122009917983,-1.835452085111514,0.99756266464683,0.5343655041584521,4
1.2517519540083262,-0.843674639864785,-1.008941245835998,-0.17857793869255523,3
0.27877476871658347,-0.6084547633132189,-0.8320527046674681,-0.48549204282463676,0
0.8495546538678912,-2.888502460864185,-0.15721818290445155,-0.5849034973487788,3
-0.6938320433738778,-3.806696422064471,-3.262381676749672,0.31878213740932315,0
-0.7819624648230189,-0.669377507001697,-0.8513179497715901,1.1517508785864194,2
-2.447241478506566,-1.5528090664459788,-0.22391694203248647,-1.3394540918826956,1
0.8007328476067034,0.38262964608760686,0.18262640350501091,-0.049513410336361474,0
-0.32641116655333113,-1.837904062320122,-1.271540047803935,-0.6428404213990399,0
1.9087741631837756,-0.5194322850129185,-1.3255657628833606,0.5041387268101161,3
-1.9158122608986807,1.08922245198052,0.504204584432495,0.13902567547034939,1
0.046196974321367934,1.3810579907440856,1.0029823025780442,-0.5300475400329578,1
-0.09101491264756667,-1.4212324992816698,-1.6137252029627822,-0.18185682100425504,2
1.1870081713583645,1.395106701149238,4.657521826972676,1.0216176815321125,0
-0.16665826249465943,-1.0621834342708103,-2.396735282984305,-1.3781030951861797,2
-0.05243028844740094,-0.3533827192350544,-0.8581296711139486,0.7383727304846956,2
0.0015242392894294632,2.688541094997097,2.267983180904122,-1.6891379507187163,1
1.454776965639001,1.6282062140282654,0.207518354861992,0.256545910953202,1
-1.9803449023638287,-0.854696370748964,-0.6098288697677821,0.24752792540452928,2
-0.4466062391367517,-0.20430673269180577,0.2475395089350173,-0.5846677665331274,1
1.0354437994340926,-0.0009713152075877529,-1.9057829003886946,0.27986020683576396,2
1.7740770344371208,-1.9595297346890868,-0.8212799457062132,1.0624875074924394,3
2.4715556708017212,-3.0222870655518257,0.11097405957576734,-0.3636463829691281,4
0.026116737046583127,-0.15491771452132708,-1.2687671679672052,-0.5534211727809861,2
1.2270564071761147,-0.8296459962583946,-1.3756971099001472,1.2773630217608272,3
-1.5675002553830326,-0.7790155408435055,-1.1606386596444607,1.7588066934097641,2
0.9105807116946095,1.5713244073267645,1.8017506782450536,3.273083011799093,4
-0.37511411458608435,-0.35766567150301787,-1.3806622548063698,2.3094045192162636,2
0.4723045953229811,-0.04041976032192918,1.8175921247391336,1.8111463775487122,4
0.6516915822101637,0.13695507224179293,-1.9949466539529084,-0.765194747382391,0
2.0723929924017224,-0.08158058797084211,-1.495291160271507,1.343766005707196,3
0.47006004202881957,-1.9590600257160071,-0.8232878035801993,-0.12710812264727733,0
-0.8296803377397781,-0.5887052399301038,-0.9636693474862855,1.5710986722152387,2
-0.07084255814988305,-0.1436079775872029,1.339918475587082,1.0478116546798124,4
0.2566608970574801,0.13589163891557487,-2.154224801697296,1.0530662728672748,3
-1.074596345688151,1.575520350580565,1.1894690675806232,-1.415125041206159,1
-0.1228810644349918,-3.0171547302749877,-3.9354374238172087,-1.3538823502219377,0
-0.34416936491828864,1.250661729934576,0.9717466495566043,-0.7374010762399222,1
0.6332482831349432,-2.1311269752550706,-2.7048366080673327,-1.3888401242045356,0
0.1196149840615175,1.3475338852509482,1.2389928669694565,-1.3553879441239625,1
1.4953547075125555,0.22554800178919765,-0.30436966263768994,0.05175738213675363,1
-1.3830533528011784,1.2218488743301226,2.1813209045810926,-2.9477258984479873,1
1.8670196166902557,-0.30637470991306337,-1.4096016772811257,-1.5328490005419166,0
1.6111869307161735,-0.16286485322102762,0.36801606503130246,1.2262006696687946,4
-2.2275700406180237,2.32436936947067,3.091076387567791,-3.598921311379065,1
-1.3912170204504197,-3.064141510762597,-2.1574381097158666,-0.255928210386442,0
0.8683136087753973,-0.45680301623524033,0.1265788361869422,1.314606773026495,4
0.045370254510941566,-2.319310890104246,-2.243805670542653,1.9143248887646918,2
-3.44205825794753,-1.0050374662951944,0.23251275836690222,0.4931710752448183,2
-0.22110199066169867,-1.2713636630457485,-1.9770258336711013,1.1325249884466433,2
1.6866553928176191,0.7951309246006508,-2.1345576150815635,1.5953628476440231,3
0.6524663231009076,-2.8369314696933774,1.9502440856073866,0.33369263804268456,0
-0.7571929812703466,-0.40713378838787784,-0.3195830864573468,2.2240263799984348,2
-2.3957398196034063,-0.2931346111644668,-0.08276750162089264,-0.9771964399677537,1
-0.6835676475732908,-1.3882257091320012,2.73513270850067,1.2700949299058055,4
0.9245365046218993,-0.008636334236947318,1.4399645199376914,1.7087041809731498,4
-1.6926769183577965,1.3493696192682765,0.7608794680412785,-0.9941984231157517,1
-0.3002937978369722,2.35275899830154,2.168736042545616,-1.9020368476038039,1
0.41816580098907763,-2.0727037080073005,-1.0158756950408934,0.6812956696399026,3
1.0902047804176036,-1.9989229676941394,-3.105404047011877,-2.0233328732803026,0
1.9478673940686173,-3.3951297775568103,0.43998363562113685,0.1177263812432171,4
1.850954512458257,-1.6600318737195898,-0.8006930935946743,-1.4694743646022224,0
0.18607904352636262,-1.5365685584827675,1.0862756167667502,0.6165128573592173,4
1.4313925100364209,-0.3178195788446998,-1.3927162323314237,2.907938376051354,3
-0.3103136741223288,-0.1104149255976864,-1.340849880671658,-0.09541090197451862,2
-2.4402274144008143,-0.3066232426319573,1.0199486728912508,-2.360053134059042,1
2.664054854457518,-0.036515048945938156,0.10630007247235707,1.4772857695073172,3
0.7451731008351683,-0.7882495702576844,-0.5619268467534646,0.6317986404227404,3
-3.260154716278878,-1.4687775545390402,0.8482753055492338,-2.896304618277127,1
1.175624719857392,-1.2840264144167532,-0.8297569777221789,1.4095370652026338,3
-0.9470090198164307,2.5597054378985744,1.8186612036244811,-1.230966550651214,1
0.09014252043453364,-2.250072029650976,2.416476486221926,0.16976284752571114,4
2.1673880523325275,-0.4489468220885472,-1.6742543540664947,1.4363584750195884,3
-1.2311511982829686,-0.8915332049569651,-0.6915043813248571,1.1539866503985883,2
-0.6889532182643989,-2.6726316080205197,-2.3901760301648,1.0614182420064315,2
1.2258581420283914,-1.3669977391345263,-0.25162944776586915,0.19809766299825649,3
0.5223927063362224,-0.9206096277195194,1.7840922649963882,1.3314444821184344,4
-1.9383688090322035,0.05190923654436985,0.8977166794336379,-1.9547678272232947,1
1.0705993986863365,-1.5159032513141137,-0.2023782173330313,0.2564137594422967,3
-3.197111423790266,2.563289243356627,3.1930196794456167,-3.4806848529330714,1
-0.8574315159281687,-4.18084939820863,-3.6671462832481194,0.6590368987308148,0
1.4622273256636615,-0.8554483864659055,0.6728821332552646,1.2224168439713268,4
1.3770665796941315,-2.946061986958486,1.604245994121732,1.1470095215277343,4
2.610417544792589,-1.1876362557962925,2.2600051479066314,1.9940181589835309,4
-2.0505396559345073,-0.8276143854584244,0.575844247005048,-1.6622613966042552,1
-2.0518509064934207,-1.702814943876608,0.0963988885362097,-1.4912508357505174,1
0.8519695740656117,2.041630678834834,-0.27012665751588627,1.4662367412881832,1
-0.9473202063475235,0.6656619289787868,0.41079321698714155,-0.3804087032044101,1
1.0322754610736062,1.72418148366532,0.5678683260248493,0.12287122342672796,1
-2.0736249260656443,-3.467435768092301,-1.1361643394178347,-0.6297870281686319,1
0.14115729230073437,-2.6608051175458085,-0.981227013136916,-0.5390886000835644,0
1.2331131650313107,-0.34740058251613537,-0.0052314848979890805,0.3591966880153623,4
-0.9218194628362641,-1.5791120568935906,-1.6545088395438456,-0.060214516618911196,2
-4.303063128107457,-0.25037802662853226,2.2150862133536355,-3.843024938029912,1
-1.534759350715026,-2.379378926916621,-1.2270251139929493,2.3386505913793325,2
1.785622341688075,0.8045581196763976,1.290698002267976,2.0620923142171153,4
1.577063577026654,0.6904748565149104,0.7200844432770386,1.3781977143168727,4
0.16581831085290588,-2.047904140786245,-4.484084018602218,-1.544993035427845,0
2.010268997925227,-0.7628925874518087,-3.022139309501646,-0.7965072622466105,2
0.5980596672723579,0.6738152166280165,-1.6619933314566064,2.12521623594786,3
0.6189223553274268,-1.4004243279139252,-1.1830516608455477,1.1298165903530895,3
0.0006059317108645379,-3.301793027549217,0.08238262572132005,-0.05230320207086403,3
1.5421215627498073,-0.13125376298686375,-1.5605929134101648,1.3428455822274332,3
-5.29712369541747,-1.497909114593144,0.8906589342331293,2.32098697655453,2
0.9782701896027296,0.5082496954777056,-0.8675737792912597,-0.843227651789809,0
1.4524805511709702,-1.5248193438423048,-0.6698848797420566,0.22426161238240216,3
-0.22095003604467678,-0.1891554025418587,-1.1360236557926315,1.127838735767312,2
0.09217863419668582,-0.3820523042982251,-0.05041313147564952,-0.5100496316929701,0
0.09989912353470598,0.7634567418029294,0.39935237557684533,-1.1427640871332543,1
0.8543346968244672,0.17478034362835815,0.8528955910279769,1.4542289505989792,4
1.6426510871518247,-0.7425166498518768,-1.0803974461011994,1.3531478553978944,3
2.325468573377403,-0.20430515365508284,0.4223086275070871,1.6454850279207727,3
-1.7064218181940438,-0.9003026884033796,-0.16234089101698856,-0.22608100548890764,1
1.1827095182308314,-0.7447522278009069,0.9551272979059188,1.0257280771727613,4
-2.2345238199070865,-1.2898538306154035,-0.46507113043536197,-0.1589268995928388,2
0.6907894325899893,-0.3920565310243076,-1.5875668427115928,1.7254040549718095,3
0.0632735454669816,-4.069451162324283,-0.2618296631457582,0.7646254150648737,0
1.497568852790672,-0.23817703954139324,-2.371977301748402,0.4822237532275031,2
1.690628095190836,0.7073958675809902,-0.9394238100524416,-1.887287043844003,0
-0.8898937928445907,-0.006644502704541533,-0.699419308104709,1.343915722078218,2
-4.233402776599685,-1.2371141420742284,2.2367736189397505,-4.368434175268778,1
0.5400289383932919,-1.7485472420683497,1.4464705544738388,0.8835532357101155,4
-0.21238757380696538,-0.012430918822408321,0.767651958832555,1.5014570253917654,4
0.907743352472203,-0.2650340015551107,-2.2280854602641855,-1.0761033045952788,0
1.6809078722152941,-2.414047034846295,0.4104857028657284,-0.06791729257857293,4
0.3107790029523395,-2.201468838979663,-0.515197492467447,0.7037314570033222,3
-1.6118138695036006,-1.0878876276552054,-0.4730206913516146,0.21825856693314705,2
-1.8229649839533397,-0.5165118335885965,0.7340918911947187,1.0617206996823123,2
-0.2408751567623859,-2.7824603550666533,1.1500936638215153,0.16778432124257814,4
1.3746476473704654,-1.0954304180733168,0.04032640993611003,-0.0999024945930933,4
1.9324177368626994,-1.3344615073781894,-1.5174485494788015,-0.29414255164564196,4
0.999011388420531,-0.07932438957906307,1.0347671313158413,-0.8854055699896252,0
3.3647346438774037,2.7962606871859266,0.34716428280871425,-3.000527122008668,0
-2.171081178795723,-2.9627931208700025,-1.4465716374757718,0.2692223414920648,2
-2.30113533943308,0.3191791163143428,0.6932293052198657,-0.9647114671340087,1
1.5093669962064427,-0.8130900179945798,-1.1747407734471311,0.0668999867498965,3
0.9236107668287882,1.2664666092777486,-0.17436083405125924,1.7051518401590782,4
-0.2348122390925358,-0.6350367185757186,-2.2590118223122904,2.102979281731579,3
-0.1228422330441501,1.1399032878617472,0.9249559843911287,1.2181475605610295,4
0.5490052773824237,-2.073804901864736,0.7899633728284821,-0.3887425374643776,4
-1.3641765725854875,-0.22336180943700568,-0.2543845535089081,1.2895916654993926,2
1.2396758891187583,-2.1689633031290083,-0.8735369186927401,0.10446631092272884,3
-2.928993819348578,-1.1421816509515637,0.4338860108219995,2.3037610928272647,2
1.911429143644695,-1.6425567466831605,-0.6005833242736556,0.23911764616040065,3
-0.04369514084002124,-1.078304120288537,0.365786048055297,1.066256729390922,0
1.0014976919563177,-0.2766564987766843,1.266563626368415,-0.6706818716496161,0
2.290055858557072,-0.9630473198819457,0.09481450126090407,-0.2838117173782978,0
0.47645173654185224,-1.9123518860242728,-1.444589534831899,-0.9282049958747987,0
0.30553927632078526,-3.180030614878271,0.46133282166491796,-0.4357276173378475,3
1.2488362640081507,-0.3296198171310174,0.4154065044735784,0.6471203292190103,4
2.552927520662063,-1.036879595964865,1.019073618915058,1.8937052851707152,4
0.23380206026597772,-1.2495607759874374,0.17028579844433867,-0.02493257989247899,0
-2.952748384468634,-1.8044108692943417,-0.8035358247999962,-0.3987630407570132,1
-0.7048218403613693,1.6966243537327035,1.5438006496850571,-1.7931981017772012,1
0.1864695525397443,-0.720585708920708,-1.9401545742188082,2.3625041098316832,3
1.918963541333302,-1.124194203194744,0.017177296489501503,1.1963479587938561,4
1.6763117476335911,-0.256975237235087,2.6221973974013286,-0.7562415525027317,0
0.21154348936487488,-0.8847527764190163,-0.8357916529521888,0.07652240044871728,0
-1.943770638866969,-3.0430424520059187,-0.8678986431564486,-1.2535769102588936,1
0.8928281439189876,-1.4725346943693536,0.14175228660003947,-0.49663580690605746,4
-4.0819651234055785,1.2736195021614178,2.8538559784207873,-3.609267813874831,1
0.21809070306687683,-2.4927090302606327,-1.6098430105962178,-1.1612900699761064,0
-2.8659943036133644,0.932585818942658,2.3790831493092854,-2.8830007190202656,1
-0.006776666596464143,-2.0963885161162885,-0.11313323512471474,0.20187150146267152,3
1.0698509820503537,-0.7727322292984699,-0.08310307924845839,-1.293651338940521,0
-0.5891179205683807,-3.545384227185188,1.72342332323572,0.9689324289763965,0
-1.5765270297739766,-0.60776949923107,0.3097973724640898,-1.1397996438573539,1
1.5507925889305199,-0.1197001830047355,-1.2437172847684186,-0.026492877979425344,2
0.5610778106837602,1.2748702507694316,0.9391224142644751,-0.7718863942296762,1
0.8996699039675707,-0.7991161677363662,-0.3148826918779193,-0.40711326612035903,0
-3.0142748848539362,-2.225117556863238,-1.0942566471041248,0.7816627737899474,2
-3.771577297522156,0.790686127190279,2.0692563573356706,-3.36936675653768,1
-0.5151103005515376,-2.2877092419899947,-1.2240899446770732,1.854216926030176,3
1.0805093716622465,1.0912370406940743,-1.9923703541449966,1.8815385819511012,3
1.363861064848964,-1.15940414901198,0.29905165704285985,0.6153485727776031,4
1.488691809066186,-1.7573391623154762,1.8299356208539772,2.1814025002199324,4
0.7536990976105257,-2.5193909949106277,-0.37591184973926417,-0.8860332914106093,0
0.9477313693391513,-0.5265197256898504,-2.701670219054042,-1.7402315031484956,0
-0.5687590831022,-1.1929573137422722,-1.7024919457008565,2.136483265349238,3
1.3365171601171797,0.11181787534799614,-1.0317707443433404,0.3446212801352109,3
-2.227041478027901,-0.12219040618300803,-0.29915910538645374,0.40357864966729173,2
0.09264826388863756,-0.3440959524720121,-1.7725341427006769,1.3742223640072095,3
-1.0037371001705029,1.3745146882530541,1.3063013097113134,-0.6047274527858153,1
1.974169746683071,1.0509975267421718,-0.5682243230182772,-1.1156864725911173,0
0.2613750044934574,-1.0682708645409908,-0.1253851017593356,-0.030342715679445686,0
-3.417496131998401,0.2238305152291089,0.7987278980849447,-1.9109081468694602,1
0.8698336681392141,-1.4533659010624964,0.29468429256999173,0.8112448906169426,4
0.6878376422677753,-0.21796942654578966,-1.8214689438405296,-1.2509155974672073,0
1.0427884439704938,-1.1608195643853347,1.0243204355354936,0.9805801387643805,4
0.7812677326216995,-2.437198952324935,-0.0993205949945064,0.9063910309292795,3
0.46742543194732733,-2.3472817863600044,-1.4212475446436081,0.4268149716696964,3
0.264962706689135,-2.588744105481261,0.2250420182030487,0.04031830214235188,4
-1.9440506463422065,-0.6352184844797952,0.4668082772827993,-2.285147577746093,1
1.0335966285947227,-1.0518213978259812,-0.6745665674198092,1.5916336346184974,3
-0.10166508639152849,0.3504708595889625,-0.7182814926888378,0.8990202288082676,2
1.0757194100156147,-1.2836454363140024,-0.6907992339923877,1.020792529291227,3
1.185391433033639,-0.15992732690408007,-1.0362715225304204,2.0369610490219707,3
0.37050887338409266,-1.6582109110822802,1.7548472752804543,0.26645472554771565,0
0.3823701901736116,-0.7094402816901167,0.6330315860716775,1.4297705680781179,4
-2.5001136816848817,2.6512844151037793,1.347066946404206,0.5124981128770867,2
0.5700713665373989,-1.219088125293758,-3.9596661437800837,-2.3028230924575754,0
-1.3766962242704928,-2.54847062299342,-1.7476093540025612,0.5334374041687094,2
1.948100538011952,-0.9339028949684566,1.8770106914211246,1.8455504776091682,4
-0.47027925741170096,-4.370815765076912,-2.6606902549563904,-0.31364160707044986,0
-0.9849914854840716,-2.1513266984867148,-0.8590493382859591,2.2858041889714396,2
0.8409683772682313,-1.9260276165483603,0.44358171108360867,-1.0675587463066682,0
-2.8080847773260116,0.38776752439253526,2.0664472855819724,-3.007345686543246,1
1.743036177245001,-1.3079160671919816,-0.5526465864535883,-0.12430791382540396,3
0.03439508909611877,-1.0248045464903133,2.1310765945489476,1.7445796705374454,4
2.557841060578622,0.5377328265378085,-2.852875616159915,-2.9744841196569847,0
0.835943377210737,0.7149799904588705,-1.946121953220409,3.5476446018921868,3
-0.9773976667099872,1.8635885868490343,1.0870912463499918,-0.8078112322794591,1
0.6401987033127378,-0.00018904215013093584,-1.8541499000278376,1.4341596918588488,3
0.800269211518504,-1.774613315739033,0.7933431637267687,-0.13042394342526176,0
-3.94537382831233,-2.7740325985109813,-0.9013793841069442,-0.11344070140655726,2
-0.04403283887572784,-0.405644071957165,-2.4681946370969468,0.7355287000961364,3
0.2275269627575176,1.4495552607594946,0.7136185053087885,-0.3522652706563023,1
0.6996735466497186,-3.6859734800640522,1.8592316114425325,1.201641327933394,4
-1.2171880595395694,-0.5745877441362615,0.6141071993580972,-1.583626214763253,1
0.6265982709186165,-1.576991962263501,-0.15021237474600024,-1.6782487426915802,0
0.5861408132554639,-1.6380338138577888,1.6842802142476143,1.928311500153913,4
1.3549625955098537,0.4106711764738369,0.8114009467656367,0.9522863443529275,4
-1.4340176541403329,-0.9256066106999373,-0.9066777703264927,1.6928214961730446,2
1.2853153815335987,-0.3763167332941404,-2.2522634972998246,1.8705203641813162,3
0.42434519577950414,-1.4355285708101666,-0.9858463618210775,1.9345935031156907,3
-1.0764116243238553,-1.5546603117095483,-1.6265901944768284,1.7492800538546218,2
1.7025779216363912,0.2514227812395984,-1.0027925025914257,2.931302192896417,3
1.8529466742188063,-0.29882684465647325,-2.7092078550460634,-2.953119589989044,0
0.9098213247658763,-0.6163552114670614,-1.3209790180424263,0.8147418452530225,3
-3.0370439703981074,-1.9267665863069983,-0.8089836063259788,0.660080394011558,1
-2.56147209915911,-1.4614489472303198,1.0860227164472267,-2.638211082567107,1
1.199339136689018,0.503217286164364,-1.158167749820627,-1.9732101264659183,0
-3.843207335698707,-3.0470629450720947,0.017636395237673463,-1.9767264683497523,1
-0.30974202218241265,3.331373299086691,2.8466466051617427,-2.6126235193801346,1
2.0065733148674694,0.016862912127803886,-1.4470128130382536,2.4392353167214087,3
1.6130854914517272,0.2568901565512314,-1.4942928562483218,1.103956738055715,3
0.6062360529850495,-0.5621318887845951,-2.5743198579144773,2.0645584742559446,3
2.6001967270156747,-0.0312638820487392,0.07451582498503706,2.26314151841184,3
-0.6472735592613019,-3.240778112234804,-1.5309865494313333,-0.8812124200974121,0
-0.09441105476795819,-1.7981902244313621,-1.9047008090317694,0.6467980531222616,2
-0.5072441649397572,2.255141410611052,0.6799345027157437,-0.030534402442073172,1
0.6563799425452739,2.4373541722356746,0.9701141847547451,-0.18812574210136357,1
0.8279439163884239,0.021302041248152825,0.5229610258634936,1.0615302281509011,4
0.38807156020833844,0.40228853388232344,-1.6262773515228852,0.34025922951923426,2
-0.33499519647283593,1.1951308212800467,0.9838736127224066,-0.20927984179157177,1
1.4749758676850242,-2.6228916555480524,0.5303948384471997,-0.4560004840791092,3
0.20204376495726384,-1.3519959303014761,1.8345897863026734,2.022486023204267,4
0.4596652071256596,0.2979226332481435,-2.504518685713344,2.6756314521065847,3
0.18446910514720727,0.07386080790221583,-0.6532041664776433,-1.2502003035976197,0
1.3819298115841845,0.5116523086229017,-2.2682169454779597,-2.4427683321460645,0
0.05628633989545795,-0.6008379608412053,-0.38945019419709825,-0.10236613010383289,0
2.363338846321448,-1.4147592773518745,-0.16455400855290725,-0.6972627565369789,3
0.23995971974253116,2.478606953246092,1.2506358285659833,-0.41475838433112755,1
0.8724476961315046,-0.5272346496745719,0.9141245673467499,0.8748731438261662,4
0.37269178319277574,0.23738358031798112,0.14046606935216377,1.1434830818078934,4
1.6301594938937956,-1.3973445943477272,-3.0577133832006607,-1.7047621862497015,0
2.099491344083745,-2.111331364844747,0.6672208939588604,1.5703004451550995,4
-0.9795729367519822,-0.7970311519227455,-0.5388606948139953,-0.5355995617340843,1
2.2972098444380658,1.3739690192337717,-1.3910110764334886,2.4173057816170807,2
1.3055611984061117,-0.16681400724902518,1.8840610067055723,1.8111343445753265,4
-2.5724525548222337,-1.4784702467391981,-0.24932185463473688,1.8066439089653512,2
-1.7302194630417302,-1.0612325553004327,-0.03685528059535481,-0.7153970022004601,1
1.0580108040457223,1.435253639606227,-5.829265866320299,-3.472049573895678,0
-1.9475626681545974,4.002185380337533,2.3947525141031756,-0.6058385941192908,1
0.547333441286784,1.525148271661374,1.1864398859663523,1.1610269652469118,4
0.8929410082388999,-2.775657874642756,2.7991727584475674,1.7881467295838303,4
-0.7524544606433986,-0.11694228284455521,-2.4621099630979892,-3.8619875879574783,2
0.21262482148419148,0.8849601358500008,1.9269355335124647,-2.326880288983097,1
0.2531290929329928,1.3920097090669978,0.884817119857905,-1.3137453498271328,1
0.24743954869852236,-0.2202393116912741,-1.108077332096531,0.5432136348938066,2
0.826757670600565,-1.1547440794707502,-1.9119345318094867,-1.472402786667384,0
-0.28138856317035754,-1.2715624740122025,-1.515974718926278,1.6360834702664366,2
1.8135932003843331,0.005792519201779367,-1.9538850470499343,-1.543694122813853,0
0.45649249702283645,-1.0191459369731972,0.7633253477579207,0.7106398670804805,0
0.866349765044096,0.866865239217584,-2.4263346088879865,-1.0334000310407425,0
1.6830238705428728,0.06552804329877904,-1.2817572158083346,1.7368038179277998,3
-0.4354509056491378,1.8601492350776567,0.12042402898158466,0.8085087265448201,1
1.2228995407862184,-1.8567909952710648,-0.2791588614415875,0.8165800646297814,3
0.08289067816495654,-1.007917866800233,-1.997938000071327,1.6498064285971261,3
1.177197020315363,-1.9272485920605322,1.2857542448854464,1.8423668499057997,4
0.7629437471856948,-2.735208533547864,0.4422556040984822,0.33684393252608147,3
1.5359728331628912,-1.9186992195702985,-1.6413919316750674,-0.54689468737334,4
0.10861680079654046,1.157207309197849,1.4461254971665352,-2.7527464527173318,1
-0.33388158835502746,-1.8841704786051148,0.7742177179803246,-0.010190812683072092,4
0.648282322482643,-1.3981297112939393,-1.1535260353319916,-0.5461003997759677,0
0.8737784803724663,-1.7997342034768553,-0.9181746357819699,-0.3426269442880443,3
1.2562359908520233,-0.616870376060048,-0.09963673921942329,0.888771958360231,4
-0.10482949986775902,-2.2434859752320113,-0.8531382699396657,0.5776460400245458,3
0.7463793371491572,-1.7529986514308613,-0.5858627306537133,-1.0254359165055948,0
-2.673218611120417,0.23320773912541093,1.4268958491950676,-2.0396063522055314,1
-0.9602209529449458,-0.7018012369419115,-0.6280438027748679,3.0878672974068775,2
1.178964636566142,-2.3779635856051007,-0.345945212133833,-1.2144313994660916,0
0.66502071565095,1.473987192767169,1.3928571487497725,-1.0596174411758092,1
-0.7258113027219653,0.8951337761981036,0.37217774990538854,0.27996288162352423,1
-0.6317359079099321,-0.9945511279443421,1.703119165154642,0.8211724233963783,4
-0.24235525595029028,0.6087520118491088,-0.36052334546627607,2.485185181249226,2
-2.258493542066665,-0.9445544756123552,-0.6756359482286698,1.5479001421525802,2
-1.862892114092101,-1.0245883261612023,-0.6701090425086136,0.2287166893190853,2
-0.04570787680587307,-0.7174259720723373,-0.8515232295419981,4.455530159158355,2
0.6461968620232657,1.9297589223763283,0.8155557791320538,0.001909135643219928,1
-1.7439539095506764,1.5269396102230235,0.143107774768916,0.8775589040279825,1
0.12637012137302084,-3.266815801470445,0.6587642773192146,-0.1905260598322155,0
1.8056569924143546,-2.223044970597176,0.5228636487718473,-0.07073307011663399,4
0.7612939373163021,-0.9664525365790547,-2.384655634164481,0.08375005886493947,2
1.9424982266427357,-1.846080856060775,-0.15568274982091634,0.976923155238563,4
-3.185509593318063,-1.0924065473256863,0.3555863557095993,1.5542385976515536,2
0.9934309905116703,0.5622612419621562,-2.1711711531688174,-1.7365250807112287,0
-1.7562425642257722,-1.1417673577455636,-1.130369947365908,0.5065956631023216,2
2.7735357562008165,0.7774150649080409,-0.7346505648560595,1.7947078386478452,3
-3.482322444226647,0.916726144600595,3.046982161246902,-4.362548900355464,1
1.4132629981703047,0.3513776079416935,0.14371176325892598,-1.0035303136366127,0
0.4794096605491682,1.8712484139617398,0.06517544356399685,1.2805238660504754,1
-1.3823535537329512,-3.0000204683494087,0.9999190749584318,-0.9348711954565181,4
-0.19866583207297106,-1.6058042665732364,-1.9400786752310981,-0.8555359760445765,0
0.03693186075949684,1.3536600186203607,0.6132764246450061,-1.0299324832966978,1
2.5170718750730106,-1.6183873286673598,1.1405302388095047,-0.1870672423482671,3
1.3567089169697366,-1.3655908235206284,0.3022284821733644,-0.28345394099147003,4
0.819071435197503,-2.078461392385809,-1.1738403895620364,-0.9745836853855534,0
1.9752772601380686,3.098121299044011,-0.07848975293146387,2.49974313938458,1
1.8593044140034816,-1.279271787076754,-2.7612071294594207,0.039166236902389184,2
-0.7152319367090383,-2.4174606628361444,1.955974660477021,1.0160913206851665,4
1.7071023895909114,-0.08805792637648469,1.8874247085163458,2.245462547332055,4
-0.39861310754989365,1.1489884277235016,-0.5763124786815557,0.4165289227254113,2
0.3208936614266895,-0.8214215183359951,1.6945072053119339,0.9289867684469948,4
-1.096070563057586,-2.469833427760949,1.1605510451729815,-0.6890886656943369,4
1.3417864960960766,0.1085003117133041,-0.4754697556919646,-1.1226956786915203,0
1.8923703520812887,-1.259708752378914,0.4438716968436158,0.17443960661814373,3
-2.3050466955312388,1.2726458109764243,1.4235878190781237,-0.6029176430724972,1
-0.9428144009697808,-1.9987156032850524,-1.0082057151033903,1.5455625231330246,2
0.8754849236073303,-1.1253973763918175,1.5857866345922007,0.7003863774929533,4
0.6714238211895804,-2.0021283804893666,-2.4579690773917235,-0.3200976320601874,0
-2.07400566804069,0.6767181486568226,1.1138952701991447,-0.8535407482680538,1
0.5154903948537064,-2.45070973693141,-1.2633514729371722,-0.998372038454342,4
0.08207427602501716,-1.020493434839073,-0.35965078951929974,-0.22635857104817914,0
0.5084952988106632,-2.454728508773356,-2.3033638675634553,-0.07929739523118906,2
-2.64659369267206,2.8017395832743093,5.435088454100899,-6.033579807138402,1
-1.0387772584221733,-2.2557885656274808,-1.0949231299487534,2.1401568779026405,2
0.8272527229709014,0.17428334690600855,-1.5483448811556741,2.660766190676011,3
0.5875510016396098,-1.8978697132983777,-1.1566036568141227,0.2863566446638871,3
2.297156516671035,0.4238563587640931,-0.8418905072684068,0.16944689960683634,3
2.265332377066275,0.8725205737805863,-0.09815604412251056,-2.382461155478454,0
-1.8080148490730412,-3.0613641413370036,-1.3636461848425756,1.044684907547773,2
0.8632657475036347,-1.0680849911330808,-1.910481534011044,-0.7605435509732268,0
1.1081995134296043,-1.2298024058470762,-3.7089926638798025,-2.905101857444568,0
0.7548085817479169,-1.2007691261245876,-0.7316055156890082,1.3202678640051135,3
-1.9589553961197228,-0.5515032556837662,0.7306805113167472,-2.0738651054646624,1
0.6265190185006111,-0.12053211994746549,-2.061420068165194,1.993575971295928,2
1.4886669971802369,2.573648525438777,1.4555835431795172,-0.8063418440116027,1
0.8503880117286094,0.22613193357441874,0.02611123913375213,0.07170503399327566,0
1.6977154007414668,0.6222704709004754,-1.889141270155438,1.5456936084949033,3
-1.2048451191750444,1.293685225371258,0.10379804886726929,0.7414637415862042,1
2.1332893996362134,-0.4772972976122044,-1.2730747194651029,0.13251858726004562,4
-0.1601318089010466,-1.6358705074868467,-0.6054471478427055,-0.15358124942543372,0
1.2133311260994746,2.546967567258048,1.6530815613947971,-1.836309457410483,1
0.741970259584889,-0.12732720163384248,0.278364572836195,-1.336785860563019,0
0.31769271121674714,2.633370503273614,1.2453552297322,0.0027100255357674907,1
1.524191964695436,-2.511991358654303,0.25537620217917745,0.7274679465470837,4
1.953490603589175,3.8241960219040583,0.40453746942604885,2.0298547693749587,1
-0.8024919020049688,-2.0058571852633538,-1.7035668636751529,-0.18669511838479091,2
0.5979130823536725,-2.0673844600500013,-0.4218566280971533,0.1450865909417024,3
-1.3802894629948925,-1.2261486370612509,-1.644773207042638,0.4446347542236805,2
-0.5788836093490488,-2.271320558079486,-1.967086036608418,1.2056590792263684,2
-2.491288469628282,0.3341465542574933,1.270181505760779,-1.6705661738460604,1
1.0289546831428709,1.670787367985863,0.07735563814859914,0.2662575480705234,1
1.5292529230667662,0.8414639525494279,-1.3419342762063804,1.8298136001068737,3
0.04141889014973699,-0.5217728004429936,-1.1308927381037346,2.2000791993829685,2
1.2395274814021895,-1.2313260868799805,0.5000442615743343,-1.5123428095872957,0
0.547706306845493,-0.3574506760901429,1.1239927011074096,0.8723928246982597,4
0.6250405229361894,0.4530086131211628,-0.08444581942388707,0.8426418646857202,4
-1.1580505410994948,-3.3139879353236403,-2.2186445778717725,0.6753120342484991,2
1.704904771114337,-2.9632707498187374,-0.2921961195396816,-0.7534912733677326,3
-0.09657505069469419,2.912178013691676,1.4321785023214288,-0.06982124121421618,1
0.8660990010693699,-1.4384961730729109,2.189096454879417,1.511491361456495,4
-0.09686412742887551,-0.8001181479566641,-1.3056428728437244,2.6309612787261685,2
-1.12974941579382,-1.6050732882354395,-1.224683893191838,-1.2734574631650304,2
0.6160863989603831,-1.1979939857686523,0.28842492700488176,-0.44385291342030686,0
0.8919220161363876,0.7226007714896228,0.05124966133910358,0.9537289367639475,4
-1.0519756195850656,-0.9608851981445155,1.034887304800949,0.3987776940809076,4
1.1157861740283184,2.3519908861285272,0.8118802475978729,0.764281606888868,1
0.49167528692566786,-1.0346224225978768,-1.6514895831307264,-0.6293236681290828,0
0.17443184584895888,-1.7334008502987581,-2.099604457180382,-1.0968589748482938,2
-0.5975836603000213,-3.5037581637507946,0.36329378124223455,0.7685218193228038,0
-0.33344440471259307,-2.679885330620535,-1.01446801462765,0.6354310433230352,3
0.601085098192101,-2.385287065335971,-0.4493289993524652,-0.5490794789021449,3
-3.255460560500691,-0.6061654917341937,1.269912248414101,-1.9530785070115444,1
0.6738110466871864,-0.9535335413742558,-2.232387216766935,-1.1700732912766407,0
1.9379517890261662,0.8982676521988355,-2.129562551570868,1.193667525513486,3
-1.4028617473393017,-1.7053946583642778,-0.9980427254465113,2.6774769326837466,2
-0.5009246616755003,0.2524177718945766,0.7806171649083202,1.1524464844006852,4
-0.47509248166905316,-1.9701913517177783,-1.887854891295741,0.6656943063306919,0
2.386235595105963,0.42291738500646514,-2.829105205724173,-1.859671555178156,0
1.296243338600122,-2.508210624793178,-2.5247968209417198,-0.9963476652381221,0
-4.092869688543298,-3.1975006069395846,1.167108364408615,-4.36262013240675,1
1.6783865318308255,-1.118573270159689,-1.50137248963643,-1.6792387780643059,0
-0.9566756845172277,1.7424242594164352,2.0914233888635625,-1.5487592067212415,1
0.03425515201019036,-3.1970946629309633,-0.5952348330967203,-0.2585514994655602,3
-0.554557424291042,-3.1285419649531545,-1.239821536965231,0.28486224248871417,0
1.9599551537066353,-0.5986963641978775,-0.13076758624887674,0.34170389230125686,3
1.5572214856503361,-1.3137972856704,0.612040815387383,0.25614378137108273,4
1.2580222418888087,0.7621397746243488,0.6915112980012477,-0.9018867244504959,0
-1.284269571912294,3.192655156951708,2.7313054965229058,-2.1729250237569957,1
-1.7426448239574217,-1.5265317852250297,-1.2041804469170365,1.2763240847499935,2
-1.2669436825193756,1.1635139582847815,1.019715844622716,-0.4918829275460809,1
0.5129151395942124,-1.12824456482125,-1.414519347846573,2.633761477276642,3
1.0749230111579904,-0.6202231353830925,1.4240365288752783,1.2587643823848205,4
2.989790190713068,-2.186214588130656,0.7408203160213572,0.7149712104823547,4
1.4414749228203279,-1.05752679591772,-0.3959405163740445,0.4634364093066893,3
1.6612797991445674,-1.887340995847202,-0.23063281949989922,0.09282776418093919,3
1.6354574599760123,-0.19967372433948016,-0.15428183311964894,1.5149501425788139,4
1.421266403286137,-0.1042982981414392,-1.3512182743476664,2.1819494445168064,3
1.5395646713710156,-1.8225253560868855,-2.5085014748211627,-1.5326876958985989,0
-1.662490491428047,-1.0979659869916858,-0.8975417014710348,1.0687421306573703,2
0.2333499257360231,-0.22399136085570637,-1.3665217781390098,1.119073424263875,3
0.8664430161649104,-1.8325184360617812,-1.8985979546686655,-0.5039446694880191,0
-1.0126308139908793,0.12707060550394011,1.6712018931970325,1.0968326242075053,4
1.1018975150605042,-1.6190533637527444,0.5427069603378873,0.4713758210122404,4
0.268318317218179,0.8834625157847809,2.406185696505028,2.642354536447208,4
0.5806188016823535,-1.1402262002925527,0.061168853503615006,0.30390011950669393,4
1.3541914203771706,0.5627096073866333,-0.5401330755268507,0.6085473453148111,4
0.542828348363019,1.007217657174376,-1.0266787593367948,0.7101057046248294,4
-2.6334766047288096,-0.07128257648652303,0.8205710964244313,1.2429468346274912,2
1.523823013471873,-2.196517519958789,0.04709285657994011,-0.5120651120723956,4
2.116317767671566,-1.298349051811543,-0.33478072352618893,1.1419930137247036,3
-0.3317329276658897,-3.1927560631381953,-2.971858670562936,-2.539592442068672,2
-0.25515870036734534,0.1201889476436786,-0.8192505183593468,1.8553473724065928,2
0.2604415633563708,-0.37667350588275683,-1.7752812459827911,-0.25444839743381653,4
1.4315473280374484,-0.19332958245677423,-0.7234038947393739,0.23735025830574452,1
-1.1633374369761147,5.038351601081014,3.9237024148438744,-2.84773547325279,1
1.568185431606967,-1.1259288031669616,-1.2064942290539276,-0.42203682352989347,3
1.503583065364286,-1.1034142482045415,0.4938881173980547,0.7183747557101827,4
-2.700087095788123,3.0669808717238722,3.597056335881976,-3.101262605553128,1
-3.432098996562172,-2.1241190234521152,-1.1644267374546882,-2.0652129669470143,2
-0.6972467774309956,-0.8740808731251181,0.9063290506461861,0.4493627817489998,4
-2.1534511139705654,-2.211472936356572,-0.7984103728112276,1.0648059382524568,2
0.6400006627844338,0.21481150240239288,-0.08676773140539362,-0.4290031270606458,4
1.0412673046216678,-1.313166074699414,-0.08786805566746436,-0.20866643566239973,3
0.922400079206244,-0.0545926839961558,-0.8631313498369407,-0.7888055633425672,0
0.9069453073406767,0.04381686674306495,0.24674081441657392,-0.3397807588935128,0
1.0271259809850382,-1.8934152505988937,-1.4131658090804806,-1.1743439661211943,0
1.6875749644408162,-1.5065761562325541,-0.17655511447637517,0.566903983161142,0
0.34446671328638956,-1.1573979753904375,1.0587743171945658,-0.269451108375363,4
-1.9360876388963348,-1.4990695399653178,0.4364390139845129,-0.6713580624918561,1
-3.728690864238058,-1.8529363514212396,0.17366931730819513,0.3491035289171288,2
2.676991452110521,3.5978639237500873,1.6878473799436953,-0.23892124237287893,1
0.6066374520924245,-1.0909966482218567,-1.6381150340924386,1.4371066875371235,3
-0.05472716295980695,-0.8583319209335616,-1.2263831122716753,0.32785013425517606,2
0.5317843163283826,-1.6788588878969215,0.5248148260407948,-0.6447442135433952,4
-1.1269747077684762,1.0233813194364658,-0.6167258450406079,1.7274471126514053,1
-2.8134168271085387,-0.46909085804304584,0.20982085905665815,1.53372700141936,2
-0.5843546542113354,-2.829633834560842,-3.3271018239269083,-0.7709263625358371,0
0.6227879480444641,0.40551819448609616,-2.972857690080575,3.0355629803913917,3
-3.461440941935297,-1.9425839920005226,-0.26378460334451204,0.3285861597130928,2
-2.3285645412324145,-0.14280557586023446,-0.18751409406899378,-0.12707017162608802,2
0.696576639335307,-2.3570392748412807,0.18750968538821522,0.021968916997330723,0
-1.0800695584975144,-5.458135408051235,-2.7835262994173537,-0.39443262483250374,0
0.325304425934703,-2.5725557891708988,-1.3871932501065953,0.5869895174055956,3
0.5696173856607738,0.12400448311694245,-2.1650370460598536,0.8023746800110805,3
0.8939697578547543,-0.280061224964528,0.5272424653929937,1.2053892305004077,4
0.4119045730428892,-1.2148688125666252,-1.8579111608961192,1.0879527487371825,2
1.782280544884542,-0.9766780820036778,1.9999749937598064,3.470336522106564,4
1.5534500008351935,-0.8910959979685223,-0.5052565254373009,0.7620893034877363,3
0.8212840425271313,0.2479816798518295,-1.1866880210544934,1.3502346209874023,3
0.5112368091820114,-0.7281775760386673,-2.2462289191702927,0.37063984342251033,3
0.7816470263838031,-0.38327230502559484,-1.397978391561934,0.23713063200450013,2
1.25212464293413,-0.1921468334387223,-0.7407553370488685,1.2290861420023753,3
-2.7659337994508033,-1.3725392325794146,0.04104619460008785,-1.0495507932669943,1
-1.9956652407184454,0.2389313440519174,0.37301512186623176,-0.7483782906258871,1
0.34411237302819253,4.295282256054984,1.861841996114733,-0.12657292859677394,1
-1.5578327625693524,-2.0853872661746307,-0.678635822617148,3.2735824238826683,2
0.6133808582274236,-0.47280825977884877,-1.5637669946478834,-0.2566135253560169,0
0.4458645399772384,-2.6536084792109786,1.3412078116681234,0.34295459674542883,4
-1.4415250792136998,-0.9247332754501889,0.6827859819164126,-1.5925346176004886,1
-2.093204823322277,-0.4257568215646894,-0.018185497249975424,3.97475129143324,2
1.3294119069754369,-1.399585315183196,-1.9053713455062684,-1.6024734942564942,0
-3.168382435872269,-0.39309731192923025,0.29521394365851816,-0.1761560854195664,1
2.041448836109116,1.578779366449913,-1.2990833994512678,-2.1082402742303903,0
-1.300991551926676,-0.8938437370981844,-1.3945919272572889,-0.9523552410711125,1
-0.37311999788741146,1.7624253577889855,0.9628344825949394,-0.2221283417669866,1
3.540153451970683,3.967526232871569,1.2633797284839614,0.21739501862566968,1
-2.687139847986772,-0.8847191122435896,0.5608063144434401,2.6435906951534704,2
-0.4802003939579156,-2.5120175737417307,-0.7930822435103265,0.2487116910609326,0
0.3693482926713655,-0.6321285883315961,-1.5436813298636283,2.2479052408694606,3
1.1160538063736363,-0.5665134604050397,1.2906103974217848,0.21087878416296513,0
0.3923975532350751,-1.8736475107352715,0.4673008321473865,-0.08651109668039836,4
1.1170462085870758,2.8402004615273104,-2.6348747784233417,4.003352593470731,3
-1.5274999769171715,0.7891159676008244,0.3246846166383064,1.8689239666819395,2
-3.5041614807996257,-1.4850596938667326,-0.052168020309516394,1.4347958052749579,2
-0.43100505322531024,-1.8499135129518507,-2.5134752027181357,-0.2787366950158222,0
-2.5386190968950633,-0.15355995145293289,-0.6538595953552965,-2.131788928306559,2
0.9825920578838714,-1.7221800366874922,1.5149329885649512,1.4736568610820597,4
1.1920874607102514,-0.4959008093969458,-0.9300714290398424,2.312394503102701,3
-0.9014384297824476,1.7472672786862096,0.36452328143337154,1.172350446319526,1
0.5331969415933606,-0.28167217951893786,-1.2790279801703304,0.701895594426777,2
2.045265670275429,-0.030532545329168714,-1.1996089548076088,2.286451791379867,3
0.5082275443042672,0.6772104142469357,-1.6719692360528393,2.5486995251183298,3
2.5950762178539537,-1.5961084119434685,1.1747292050486673,1.299676183367514,4
0.07197445669702307,0.03130630670665613,-1.70811179925404,1.6741337677011368,2
1.9061676881780167,-0.41772291089372493,-1.1255147871147475,1.4801693853671365,3
-0.49419623553325875,-1.7021463379638804,-1.3268407969447995,1.094486196280157,2
1.0587465395097775,-1.517262345960181,0.8872548532499549,0.25147792869323693,0
0.8631709048751597,-0.5238393114620523,1.50805281398074,1.0348663335497699,4
-2.4597286477874647,-1.3066518792244364,0.5737116554283478,-2.0620610321871604,1
2.593253437760493,0.2052481378914175,-0.40026901348902555,-1.9399401855248768,0
1.1539493902210687,-3.510223532674693,0.8270168866162864,-0.6798097810055419,3
-0.3996057788522529,-1.6137825873960412,-1.411795355348572,1.4768839598951122,3
0.9964995026073327,1.7734759737175085,0.7581027936223429,-0.38757924999334603,1
-1.5211693336837104,0.9626411350606648,2.393347061990363,-3.5650683193869743,1
0.6999158033792463,2.363220497663086,0.1930321232136143,0.5518874486194851,1
2.1386445904634908,-0.751386026836139,-0.5496482512726482,0.7484833687848165,3
0.5422752274835165,-0.4562565280597164,-2.029780217878328,2.1688056614107825,1
-0.4916219768663772,0.19700106567724984,-3.181583302440372,2.2762860627106054,3
0.5256880912861079,-1.6366283952151286,-2.3166280208509225,0.4645061521825201,2
2.8763782841960515,0.566788579735978,-2.512099273513054,-3.4617182409526506,0
0.27662265422521193,-1.4396705837145947,-2.1527642200506785,-1.5523025574547464,2
0.5173449311856293,-1.4090539840055027,1.44843494009314,0.7429014979071303,4
-0.18971966223793113,-0.9144648685512543,1.3013816804649345,0.5395528383194347,4
1.4328319252791237,-0.7234194694915276,0.11013957545633013,0.9538281455068801,4
0.007791507109233375,-1.4714235910601723,-1.6882040355472294,-0.8015893163040957,0
-3.37794878747501,1.8241032315295618,2.4853794321170444,-2.257040695164579,1
1.2352975291838386,-0.20158306305982265,-1.6213022932830758,1.193915706003075,3
2.116635642311225,-1.3893151498850025,-2.6051864330250645,2.098300144534634,2
1.6068849803551664,-2.2004978216312687,-0.22951158787240233,0.45240690015652285,3
2.0689753103906785,1.1194586076452442,-1.0905504056302557,2.294997019913789,2
-1.692526603529843,0.10465019768915029,0.406545071207819,-2.0228120303900914,1
-1.3596554880008314,2.8782717382060747,2.035179966946234,-1.1969695401119234,1
-2.4990086553981428,0.2729847292700772,2.202903710588128,-3.403656087567517,1
0.47060794717900056,-1.9768455824136075,-1.4287029241470703,2.5065950260187226,2
1.3306927953525953,2.2137781591625814,0.8557264244104978,-0.07842654570379204,1
-2.1572319132398325,-1.9983590958283322,0.5089804329499368,-2.3904362912959836,1
1.038155557258749,1.42458842891782,-1.4956510754669656,2.0279812821802015,3
-1.744630812099551,-0.3576170515817436,2.315055072179008,-4.052832846950748,1
1.6112637497034035,-0.15406818960561253,0.1844457652410756,-1.389326206391025,0
-0.04481283157331617,3.2503001190607135,3.791948584372036,-3.508467379994546,1
-3.974201616250879,1.053196466664328,2.430002573015114,-2.8422774023820154,1
0.12893443604136967,-0.15468087014546417,1.1615256117205264,0.5700034325814802,4
1.389885564092348,0.5931536682666141,-0.8842717138634582,-1.4161979043878365,0
0.9411815364915165,-1.0771605259571042,-0.7981903034475862,1.0761043910699932,3
1.8623023941795287,0.3437711455221595,-1.8671045824405392,-2.157110603660566,0
1.6222438321350703,-1.0104652747099592,-1.2804378423108065,0.8407589770617215,3
0.7804630828353102,0.16484149714845908,-1.7096867576850456,0.7540574955458795,3
-2.3534255644719173,-1.0041815898808344,-0.11667208695176157,1.4834630052157216,2
-0.9446011798562409,4.2677744240407645,1.6795461630654747,0.5413616383600226,1
-0.06801523310709112,-2.9678712822233173,-2.348813520211942,-0.8397647869338514,0
0.4144758655680869,3.335464860082657,0.9961895183632407,-0.11805192905865547,1
-3.0449334887198196,0.996548547524327,1.9003053393102438,-2.3536557584460187,1
-2.8675712693154156,0.6793361770090918,0.7530340599843062,-0.3491607273842414,2
-0.30067091340091556,-0.9759706696012735,-2.0673991379469783,0.2508506946930501,3
-1.174877591320168,-1.5627016049429938,-1.789456036317409,-1.4414659485648889,2
0.9495634093439826,1.1838588760582853,-0.7802717994614721,-1.0413388823505871,0
-1.5312270774764214,0.2849261307251303,1.0693675439438342,-0.6242449083636645,1
0.1297786493612496,-3.2428680599503292,-1.3982206328088154,-0.3377560240192585,0
2.1505639449354286,2.2549857562000413,-1.8795295593931196,0.5799655491164333,2
0.5135502085110415,-2.007894716999317,1.7203846686515991,1.0944647738069007,4
0.9889936654627799,-0.995571100192644,-0.6917338588009425,-1.218091610177663,0
-1.7035527343396009,-1.116242532090758,-0.8337942886972448,-0.2420547115474736,2
1.310468921560034,-0.36089960940245824,-1.965626799215341,-1.917076632932315,0
-1.2493168809141508,-0.2752738002679487,-0.19990993652873723,-0.13793555276938463,2
0.737248213387871,0.2133237814474862,-2.035061263996054,-1.3644730950418875,2
2.4050273189034277,-0.9611651721193201,-0.797996169307214,1.2900980236355093,4
1.723990903503957,-2.2371828255984285,2.0267707927472705,0.5371269418223154,4
0.3566193063308303,-0.061976524797348165,-1.6355116146275333,1.806879025366568,3
1.0591100630459587,-1.9669172604912624,0.7250109008522629,-0.7050813630727362,3
-2.1813080058529843,-0.45848887364947166,0.5614851769650706,2.1070515195700383,2
-1.3854265765318865,0.07442059215653851,0.7195440198519979,-1.4701003812919653,1
1.1772976431663817,-1.4981329436772013,-0.32337590430225327,0.534851479833904,4
-0.1565848486982817,-0.08697968550070212,2.123201078798254,0.36106461186089767,4
2.5135326295081275,-0.03740453540515787,2.044234674366124,2.822705866896445,4
1.605561226875492,-1.7513333829624185,-2.6794427180164497,-1.3730800840492248,0
-2.3840968068374635,-1.869554302415775,-0.9660551190786776,0.17545582576731633,2
-0.7065397690627295,-1.134619200807845,2.3266291898286626,1.1857161903609967,4
-1.177331495899635,3.8349892407177633,2.18153312877895,-1.0258115615257457,1
2.1078143557687206,-0.9074032117673263,-1.1222103921449522,-2.045614484460805,0
0.7160070530462644,-0.5039159608219477,-0.968824682474163,0.7481816141300153,3
0.2220448588156243,-2.046789919392425,-1.5103513439179053,1.8082047497095015,2
0.7362220952567313,0.6922039886182587,2.0377458278907157,0.21338753590215376,0
-1.58198181281998,-0.6757229908652949,-0.15412176304628367,2.116164109788577,2
2.6415999988794425,0.19678538409860025,0.66087617741116,-1.2433638163841325,0
2.591977362184527,-2.304867643113261,-0.4035827259300533,1.1649542465855185,4
1.4176324849605642,-1.7408620646340602,-2.5062060485914337,-0.2928446538409156,0
1.3246395859352822,1.1379486529013967,-0.4689980873572558,-1.7931347752975024,0
1.1643570948454363,-1.425382854082451,1.5109260248763832,1.5034917366782856,4
0.642483991130542,0.8455870207212046,1.645107148304565,0.10941837332355431,0
1.5197137399579852,-2.0263155261475725,-1.5039580584675685,-0.4585528812450925,4
1.573385130837679,-0.2232263061271612,2.9342905975169105,1.5472191539388862,4
-4.508464576451649,-2.3413001741344415,-0.047251335472141,1.2458353024308577,2
1.8712729579366112,-2.4361550099831035,0.6047431182590868,-0.7912852542548447,3
-4.23215171626522,0.3118469407083897,1.2815745101015992,1.4309198624050643,2
1.7659101097822196,3.8486073378528967,0.6984765747883719,1.3868101180376011,1
0.8999361282933138,-1.5879940778700177,-2.1381316287959162,1.749350323910859,2
1.8846746849715381,-1.189627818687778,-0.6841502952274242,0.6687414101784541,3
0.4283280201362756,-0.41190531324150037,-1.5014255654950717,1.3546625564500268,3
2.4471281727599874,1.3263855885185993,-2.7902802596801717,-3.671291521950726,0
1.940331535804538,-0.5765601917139382,1.6319753183141186,2.713462106101757,4
0.7007260421794546,0.19854998408014812,-1.3324639435720897,1.6176231769418559,3
2.9776744344129895,0.7145402078640508,0.661611571536842,2.6575710176023133,4
0.724353933576862,0.13347136810887816,-2.9050897393155983,1.178801680753328,3
-0.4441397079023035,1.36226179221209,1.3963564545208476,-1.4124561382688203,1
2.5773035833319735,2.094827725160158,1.1547445436047656,-0.38525320153590514,1
0.7571336632705149,0.847922267094007,-0.1240253112489762,0.45821207083231585,4
-0.30611977890445896,-0.35219150882878913,-1.4354272380043476,0.733061894252822,2
0.3395699415239314,-2.0945901624264716,-2.1872388799553244,0.21943565203723459,3
-1.8520494550907123,-1.211300030835894,0.14065446003853843,2.144023738359909,2
-2.643939774571943,-0.4680833360797898,1.4699611303939693,-2.2338213816460066,1
0.1862950270632946,-2.6239498950567155,-1.3399502145871875,-0.40735931645728196,3
0.63112378391209,-1.3834708058811989,-2.166089370837744,-1.2875495564050659,0
0.953120861843701,-0.3598023806988234,-1.4391349298552312,-1.473941133370464,0
0.9380254062868448,-1.2047222922817964,1.4553971857482568,1.0738009877577088,4
0.5369709631105875,-1.3040517823678146,-0.022069679441621193,0.1451656436398603,0
-2.563981162060468,-0.8872617626223526,0.30703014569405584,2.8811632889783714,2
1.660754809988018,-0.8294475017957057,-1.1819945227380557,0.13929473303605322,3
1.1796274272532068,-0.8528250058816125,-1.2199044393363883,1.327268718480651,3
-1.5293537197054934,-0.8585058200868737,0.03361939927718671,2.996748463272401,2
-0.8262190241859815,-2.1396433827300374,-1.3208442297404324,2.5009260598024934,2
0.4712426454573966,-2.4169697730561444,-0.8161641487048926,0.3152225392340492,3
1.3028021477644893,-1.2849324987454838,0.08179399227271367,0.9998788685130063,4
-1.331757038927716,-0.33343457129197607,-0.8687435979713807,-0.12775148320859353,2
-2.3225747171414595,0.44804536714915366,1.0845003446147257,-2.138592788118217,1
2.371564701589584,1.3391737360207845,-1.0510935260733438,-2.3558623756574653,0
0.575402862196983,-0.27928927002890036,-1.6449002631747527,1.779380221026945,3
-2.4246034338404994,-0.014752646341285591,0.5965697236013328,4.175347654335335,2
1.9516706172455722,-2.2464550057639037,0.5234654504822341,0.3745587390166305,4
-2.0115884343805766,-0.2159248986933675,-0.009618235910372919,0.8309276423230636,2
0.9389212134590618,-0.06839299181930569,-1.1369110992411655,3.0798493293718625,3
0.47861487708882244,-1.716242700895457,0.8120927378029952,0.4428969249743091,0
1.245105861083475,-0.11853165268767318,1.4530438951279758,1.3906444516985765,4
1.5044197361577494,-1.8873969323594049,0.2601103175118029,0.281081706698992,3
-0.026399730806454302,-1.907684396538378,1.2660719310763282,1.2347249065037118,4
-0.7052594939002139,-0.36000402207009574,-1.079768302212583,0.9941783468865499,1
-0.843106125836314,2.1714703970887466,2.2746006376369676,-1.3562503058239845,1
-2.458947762078725,-1.6751855645813707,-0.04773483739718831,1.291958142439225,2
2.006987671736641,-2.931741358884583,1.0161185639059789,-0.2029889311976012,3
-0.07795097199266876,-0.5334504855994475,-1.0652239666362826,1.0766715058379592,1
2.4027399594441268,-0.794472992799091,-1.7896060107156744,-2.127205518337396,0
1.708967053296161,-1.8810929343056528,-1.3523099664016882,-1.2901464046397961,0
0.05714396758816476,-1.9551917784526396,-0.09707415065082814,-0.7855403788781832,0
-1.2794825657686901,-1.9523966531805261,-1.0717899948301612,2.4410765428487893,2
-4.51363339527765,-1.136723857773071,1.5951697850902056,2.769959439112651,2
2.0564281323336377,-2.235590456940164,1.7397458090199451,0.9639231575772838,4
1.761041557609467,-0.7961280867802887,-0.1511814621646962,0.002840063703293483,3
0.5855210291269441,-0.26865295971153325,0.7580124252072686,-1.4051818655434674,1
1.1448526213808372,0.2899376342926159,-0.8398674874520908,1.4230176498892635,4
1.470497865164289,-0.26300083642505145,-1.2997664569343796,3.1611834154196536,3
0.09685212305029611,-0.6348695949349703,1.985582841997735,1.2116833416044324,3
1.9137099509973734,-2.149511818015475,-0.21351115515042807,-0.38138043367913754,4
1.749334993329555,-1.4381304767567569,-0.06880608743029437,0.29255916673734794,3
0.5638510249297186,0.7275657380374156,1.0442549401562358,1.1811987956081968,4
-3.0640682743421945,-1.2982464797537911,0.7203755924922159,0.6508400487293526,2
-1.1856006056603896,2.430391162644904,2.4693025178346573,-3.0234359656090026,1
-1.2872598632356411,-0.4242963587412646,-0.5536330160234197,3.537215072026786,2
0.7399469355395238,-2.3730517897368895,-0.810249947183505,-1.4701369978372116,0
-0.57285487115489,-2.4752798812763945,-1.043189095490992,-1.816905421390441,4
0.8838428140200114,-1.5703728775819377,-0.229554584450388,-0.036502394287112105,3
-2.8361206660940272,-1.3638719934643344,-0.32335628996319976,0.8294514113177311,2
0.6023365150890494,-1.5709875395970632,-0.712744149507196,1.149463607023099,3
0.35320439131567816,-0.999460547080477,-2.024408146855909,0.9315779050665968,3
-2.1489777507322048,-1.5465693818813162,-0.3857691988117792,1.655291850915794,2
2.3030704170940353,0.2894885297323875,-1.1073090291465784,-2.2970882714069285,0
-2.429318495513633,-2.507549340271499,-0.4786762529280614,3.2273650616657155,2
1.1133493295767254,-1.4912515472080445,1.0735777640357802,0.8078435269292087,4
2.334972406266526,-1.083474284563478,0.9071771809950696,1.1241657804460121,4
-2.955724134676,-1.1186104793375609,-0.15019887957760003,0.49937995982243255,2
-0.4378287336299427,-1.8510754862189502,-0.7809686853618568,0.5398195465458553,3
2.1721524217535597,-1.2302270409536362,-0.22359096696666325,-1.3772256998471908,0
2.351735849692206,-2.0697413535483196,-0.09613343038073485,0.7830138965313971,4
0.5779351756000909,-1.4784204046684652,-0.9260420467332305,0.25002303619850674,3
-0.7182730947061968,-0.7359831004617148,0.6915885849324823,-2.438888618401746,1
0.37060488794123025,-1.1926666783432223,-0.29909192516352423,-0.4197889342709755,4
1.8911319450640574,-1.6214932230827688,1.242246868284473,1.5877534030899763,4
-0.36913340424798324,-1.9783470082127699,-0.4039726963149892,-1.2554720903594054,4
-0.37645331035118046,-1.6136667684020798,-2.2840794756338454,0.39130363986532735,0
0.28130369267462474,-2.38283314056475,0.27953845523248977,0.5324967467806021,0
1.4628432457951515,-1.2164442422147281,-4.6805978604242195,-2.865894233400401,0
1.321140678720666,-0.7067378061774792,-1.1669753805054357,0.6942697448594901,3
1.7490582952703013,-1.3450008711703325,-3.471406367535609,-1.7374444866010907,0
0.17129335500481646,-1.9768448963317735,-1.2591322461824068,0.27081824777815977,0
1.6691604567703928,2.000101682890435,-1.689985741825346,-1.9616458297271215,0
0.08943343374498336,4.875470918008304,2.646949054289772,-0.7869736618844106,1
-0.3276290477411521,-2.729495401844324,-1.0113958148043316,0.09116540799215,3
1.2786290905424411,0.028720362511914566,-1.0152225197061948,2.020172025294983,3
1.5306856876846144,-1.1615541144212833,-1.169298507499803,-0.36610723401316114,0
1.383908855914689,-0.5864558923652381,-1.3910457018316502,1.55273186962302,3
-2.243727136606095,-1.016542652053691,-0.6475114823667094,0.42443823926940594,2
-1.847696667747537,0.8183346474177734,1.1859502125357444,-1.3619843377015621,1
0.32005303891976034,0.4743297003852891,-0.24568192554963386,1.2714549863674844,4
1.474334605933647,-3.2567777422993673,-1.2753126898551024,-1.7783291396508125,4
-1.4328849167624407,0.009623474443449131,0.24401985467753118,2.171863990444253,2
1.4295221722147389,0.34940169430925594,0.6064223518349112,0.21120984683527233,3
-1.6389360011487788,1.0702564027788093,1.7364913074553436,-1.330476234244507,1
2.9375896592040416,-1.187294507093286,1.663498546198447,1.8891604417952155,4
-4.965202678940706,-0.8991230714370344,1.2177087252776366,-2.702679887154771,1
1.4096365648814912,-1.283784217871845,-1.6015153406828115,-2.030021574418779,0
0.7072980714960088,-0.05113155078974119,1.0160023983937538,1.2077337374941457,4
-1.303234210766845,2.3911970753578426,2.9813321670151476,-2.9383915551702913,1
-2.791668953566612,0.9204929966532795,1.6996444455450668,-1.1560031779096192,1
-1.9825239651633022,-2.501742793667951,-0.964615021149202,3.3603323940296144,2
1.558943653909257,-0.06578019936080226,1.2987528000276367,1.5273655821485599,4
0.5101261107434814,-1.204053306324184,0.06827415412931526,-0.6906767084052106,4
-0.33350401101435356,-0.26015610868409467,-0.6871118020263125,1.6110172096532023,2
1.1797421441876719,-0.9746244400272115,-1.4353357257555792,0.9675140203529458,3
0.21494089281445983,-0.772992446717489,-1.6924984937429546,1.9739456667728312,2
2.122795798299737,-0.4867897409953462,-0.8764572961440146,-1.1300189892154402,0
0.9187473739967007,-0.6211955266273333,-1.4238921875629469,2.300482874359263,3
0.8875489473732082,-1.9617972532045918,0.8262086568212428,0.8887996866345338,4
1.7688577537415417,0.011973887909629166,-2.0420518877235345,0.2985924389843857,2
-0.9761247984265728,-0.15062264093379962,-0.6019305760130784,0.8916102789430571,2
-2.992774978182757,-0.9608925988358031,0.7146483790845741,4.647720111340742,2
-0.5072330626428224,-1.5156795956041265,-1.858046239034605,0.587906584189444,2
1.5636712454758221,-1.1677309043507629,1.6916044034255249,1.8012030231132492,4
-0.004127438714464526,-0.958137558555151,0.6922303696103098,0.6892426612230319,4
-0.18346348030446036,-1.6244111293795895,-0.9955155189773233,0.2891950928751992,1
0.9849173258273836,-0.5474055385422714,-0.777416887422387,0.33702645220557925,1
1.0778271601564564,0.40697305261845407,0.8970324035801123,0.03640719055970587,0
-0.005809922768208464,-1.282286460217438,-2.2117254268677837,0.6262271442750424,3
1.1988266064411814,-0.038962373327446675,-1.3547026123197516,1.6443203500055183,3
-3.6846401507975908,-0.3912081924921389,2.223660693732127,-3.409802595696046,1
-0.6172905390697855,-0.5648168797728801,-1.0975671807817586,2.145847131321278,2
1.7364030019565524,-3.257291378829886,-0.12245193276238009,0.16963489650329344,3
0.43802220576031503,-0.26436566141111084,-1.4875668730455325,1.6862772769942689,3
2.2516731078323557,-0.8231313771308709,2.2045125496074873,2.001862258076086,4
0.9131410949402748,-1.3974555272406866,-0.5030036736830585,0.9522449436160286,3
-2.0597592760749377,0.9524136265799964,0.23320272985699553,0.5927489071759087,1
1.8846829160315774,0.8930486249651337,-2.0078560080438277,1.5271554013782347,3
-1.6587015601912096,-0.4289955929545578,-0.355373053986774,2.0281358691321767,2
