x1,x2,x3,x4,y
7.292157037902992,6.559626797097979,-18.32921053430128,19.11928339140032,8353.796038430402
3.20047162510167,9.924738873315302,-20.119701640942214,6.824668789445662,10894.815480159943
4.9362139523172175,-3.223148241252707,-2.538649410443151,-1.37384454707041,109.4562673466548
8.722679597604373,2.047140294332843,-12.583744802265615,3.0195629858386868,2698.6180415445665
7.602673970449903,3.280533251240672,-3.8081161294374097,-14.53026765532308,-79.60335216479898
-0.9318336396292333,3.0147994670443286,-10.038590359904466,-4.724804540332672,1250.8559408386332
4.850265252576769,6.407735853003902,-10.707843007065652,1.0230308948446432,1680.1675397619222
1.5459283751069064,-17.180776303835696,-7.808453408727291,1.1930638405025018,1885.599192770346
1.6903434446193264,0.5067592985242741,4.035855546433884,-18.3673949327834,-310.2007789487278
3.231795505815117,3.390336012467649,6.291451477686911,3.9314781508173766,-297.79114832598435
2.4321307134826338,-9.003303489537053,0.7117255264903921,3.3503579101705228,441.9034450960123
6.362820520888925,17.7398570701071,-12.898225495471193,-4.524614475273342,3586.554838598289
4.28311317544098,2.6155926723816796,3.4363127545333843,0.05009998899000369,-47.91972340438043
2.3650250494784855,16.634047450289295,3.8889666660793223,-17.801898640416017,394.556956134394
3.331589698236277,-6.905230218330772,-0.25352796387555454,-17.75754738389218,36.51471822429427
3.0010229821228007,-8.07300121525327,-9.036204360190906,1.6162471480588514,1330.561239537875
6.482237219472818,3.242522209656819,4.088595753671402,-8.012678290993968,-156.36849365664204
1.3845252087025974,-15.786883628286567,1.2281857467666146,-0.13866624269161637,1052.9925977572768
2.9392031049527043,3.1496559062609353,-34.16856591599126,10.073888067811255,51977.29346122986
-0.5622872179051743,1.9721923200291802,3.4445203341104227,-2.08715916366187,-84.39687553190679
-5.658969447502236,11.156652815421012,-22.13742670861507,-33.72801665795036,13963.539244996105
3.9608557863210816,8.01041341165097,3.6356157659138146,-1.80784365625072,32.40707010890092
4.593308596578517,-3.1747734988503398,-4.540723984248353,-5.7725282639284226,145.34643508500434
-0.22649506121932594,-9.974966547702447,8.936116807491981,-2.816332251875041,-485.01424401175433
8.809263871962823,18.123052213432967,-3.981612112059305,10.796769750858637,1159.2690740500384
-2.3630970237962945,-6.9211502056515,-11.866142600561124,-18.94236223129337,2219.3274720598733
2.137275551904338,-9.455245570694657,-4.473536645828437,2.9274794868958134,596.8304392205117
1.4384484499224992,-9.848560594614451,7.598062949337745,18.843646942934786,124.98292193414943
6.598337643075372,12.173053155366645,-2.737533821384126,-7.51131737962149,320.7473653696428
6.408076309700855,-4.189002044248521,-4.143351598723768,5.667934634228847,311.2370300849415
2.464842277090749,-6.537044661806008,4.435535155083369,11.595669347649626,275.2903100503434
3.1344875588065206,2.3768982590334735,-0.8964063337018708,2.5227772692251302,41.39069229374715
-0.6633572428903385,-1.0694471055729102,-3.059274058332318,-8.221163763977122,-36.94644424866285
-3.942389404671781,-5.780954607862469,10.660600684033316,-8.514252128496004,-1464.6923181470554
0.9562635520215421,8.539914669784796,12.551140320590678,8.925601845191787,-2354.9735983619835
2.4690469073119403,11.653154920979947,3.133262263287012,7.105789089380807,349.4718896355667
5.6908720421831624,10.853175089398668,-5.859591514851729,-9.437620980854707,417.27648536132085
5.607139546353234,8.66919669661199,11.969109935208271,-14.117677852332996,-2227.6091175478127
0.8380195477761432,5.026255311300352,8.831195573317071,-15.369680569787956,-1063.6164282531465
1.0930917482739932,-16.758879999618287,4.188971655282916,19.93982233421725,1342.7505439255885
-1.1456588952012776,17.692508063769687,-15.16076580745861,-0.8153414446859837,5343.525433267851
-2.2600538115369257,4.019892103575529,-1.593280966920391,28.32274302784097,351.4356115307453
-3.118810571875038,7.081564276006414,-10.43672174700873,6.666547236846515,1645.6662623889206
7.852326185695369,12.149623229474022,-4.590122515543593,5.274267874005582,583.2240408087536
0.4710434547450395,15.333525028819917,-0.5994307070328131,3.6752698596622038,611.6715765453771
0.6857770951664408,5.183980113091925,-1.998405919093765,11.989798202368384,179.45408924738535
-1.7583860801497786,5.355461592956536,-7.751751058292485,-11.592758220528834,492.1920864915295
4.33247106749573,-4.9922427745971945,9.729537489199107,25.92015730044882,-692.9044902842427
-2.8416935426738545,1.330897511387602,-19.961312668315433,-1.2036204313419825,10323.278459438465
1.361779159358094,-7.541612608143545,4.301835311296144,-8.440801106313733,100.42475237182096
-0.6863996835810271,-6.199405321418947,-21.57483271594538,3.630732027461041,13298.595701244152
3.160707493577786,-7.935744023141913,0.825981367234629,13.108066512369575,490.9823258012231
0.46758458729338104,-0.5602389099728735,-11.869043262838757,-12.090658509395709,2029.134241764279
-1.5418965523672363,11.490931879200103,5.783037577325304,6.802432469292855,117.77159021712343
1.9154533149840354,32.709747732901796,-2.1354747599240653,-8.59732989103773,3086.3488054560485
3.284995611591253,2.894996375479135,-0.5229362153317569,-6.075282398093863,-84.46489933229104
2.1995516671495037,-12.4841308775612,-13.182793255668514,-5.873789025060368,3620.0255444658324
2.9074156932193445,13.64983329856256,-9.54570134997584,9.162497597831045,1682.9900813007616
0.0970337189571091,-2.007838764760271,-0.9278260658904665,-13.308872781532532,-123.21395369792677
0.9117765020385855,-5.60608593976992,2.8356992690930394,2.311393320415351,183.62210551106307
-0.017381343327853127,3.098494779230553,26.290962417638614,-4.121014368991105,-23687.20732888253
0.9213405153783762,-11.406245995562275,-0.7714167689651328,-10.16652213550235,465.63929178449047
-0.43943884613336204,3.2246316400860677,6.760375253689258,-14.562283233053765,-580.135092441483
-3.17884780699503,0.1162447680084503,-18.569339325092606,-14.434659894192032,8148.9847944124795
2.5322784267612586,1.9837790681547567,-16.29891861334063,-19.60555221183357,5361.073079144486
0.7946571913752143,4.814162542091708,-6.554947746084521,10.754006324991215,517.238109054961
-2.890595040898134,1.674922572408068,-14.974276956385664,-2.899837951574648,4321.120276825946
3.388346766577323,1.1633808411289248,11.863992534663845,1.9038231607949154,-2150.7473440800572
-0.7218950931497266,3.8431451899794453,-7.102186927803287,14.13827237377917,634.7045438989076
2.1558361873884166,5.1540062617112685,10.821818883931385,-14.641405883178633,-1804.6616557846953
4.187271686532611,-9.314824603152577,11.867824740856308,-11.298548103788576,-1872.9743657502588
2.386948732272232,-13.299912586854484,-2.572202801164331,3.0565864403254004,843.3048326289771
5.418202053629902,0.3836194782778525,2.01799753807639,-21.888954624964402,-274.11159003765783
-1.704477461060958,-13.327354899341081,-3.560994733409029,-6.944502155962427,766.71602714964
3.207024923532647,1.8753147092167086,2.3843700035453868,-11.098716877205609,-176.74078493258767
-0.054430272820939596,10.3874687568231,1.8334185178057174,3.954269306034427,271.35497627141905
-0.6123914475456456,7.071116719160459,-4.236496258920307,-5.109790396366427,95.02880792104199
0.2634510057067536,-9.481704068254732,2.0496998146284033,24.0977913525235,715.3042136114552
1.065342403617882,-7.602624519575189,14.236962756672618,11.254696464832731,-3319.8868967801186
2.1684960266892364,4.283012950007554,4.130162297109377,-10.238861811303734,-227.37148250026482
-1.4954495223500697,-3.0129780513351,0.2579961364062555,-4.647761249482203,7.602837248368555
4.702479460862561,-2.166552950521069,-1.7523047895678758,-4.171014154985329,18.542411681037777
3.3969873191913793,6.969064812479539,-13.126731237685911,39.67889218932674,3485.9910646998583
-2.608731058831671,-8.872866934576525,-13.272968770754625,-18.122395727737693,3187.0479567867874
6.4647565813867995,-3.0123470991118246,0.23356531480258624,2.4424764048553538,135.62983022471232
7.687667528091749,-7.000824760846012,-16.69391124047157,-25.013185624338348,6068.2032533916545
5.536338713478952,-9.431294980353556,-10.663275989635832,-0.08324929447107116,2024.9946315888044
1.4602254925629472,-7.5707818867116465,9.815113403641332,22.918686742908136,-645.0907103688716
-1.2122578645316278,7.774621693464117,16.14229697062814,-4.9014651800893,-5418.772153285544
5.16335518079341,1.5182038948242156,-19.659560767977183,13.254653057664587,10039.969417183307
0.7904691590804611,-7.791606288350749,13.266495623015821,-0.7933827114384442,-2735.775720048253
5.667335211147282,-1.3110160759299654,-5.114382908455566,-5.069984601905219,157.62678062202053
2.624824934230581,-15.388073071221779,-3.150050870313648,-3.0198763073567516,1037.226040313577
4.9299171094511385,-6.333128075836656,-4.134116306427339,-7.0428317421600175,256.1970216551308
3.0690991915232058,22.49574534867287,7.805441270254871,-7.512699262677881,707.5875887618724
4.119719504575844,0.09756150334249403,-19.07676579043177,-15.962332947893946,8865.5856466111
2.0315000621624613,8.316589270303925,1.5616361135513337,18.081608747393325,356.1137920123399
7.357611481717505,0.3451162485551702,-12.448701973880109,-4.716916749521322,2495.8584371510956
2.38073627811086,4.4816923524180865,2.707885293815737,3.5252917291890364,24.796093584576
3.205968090334105,7.63258089679174,12.427963382930518,-10.51838221727743,-2541.1403872705337
7.649452091168763,-10.046165975264708,-3.0041732641262016,13.4038867129842,724.3202074782741
-2.043277183427339,0.6906374272604106,0.7415508597080254,-3.2826693348939555,-47.90383582780753
-1.8114549954572006,16.788651944164883,1.0955177823769136,-1.092392014293664,696.011427833798
4.908190124474034,-6.95500550053291,-10.9959349967049,-21.947719623551343,1746.1098171576632
-1.5193702153424797,-4.664398537322192,12.116393498843184,4.751714533675342,-2122.11603999003
7.830863556947878,-2.0769127736700175,14.064682472609888,21.738068457842953,-3250.384126077323
0.7591430577207579,3.690240731762467,4.01783372117029,-10.428931031998943,-236.2496346551269
-0.2423644343222735,6.249178636458827,-2.267145679923545,-5.498749844429791,11.113789818461232
7.768826079441154,13.674116548186568,-7.618938153542846,-13.659887498580193,915.5052164994107
6.441544374303273,5.994982334686594,-9.264902231490876,1.5499460908845142,1123.4489949353576
7.602676881279709,0.3794687420166597,14.108365825466556,0.7682903748819361,-3588.9616748842886
4.718133974826156,13.591671296108139,11.144150427290237,8.460973217933628,-1223.3015461712905
-0.5836770551641077,8.04111022141582,-3.6366148878954943,6.617682561611035,240.6106404767524
7.730194859297101,-13.956795162570163,-18.79930529671124,-9.750192554227214,9450.423935363377
1.195989887145859,26.263682403559983,-31.32011869908987,2.699376588772484,41940.34966876457
4.407369187389186,18.69921388196734,-13.834266602642797,-3.9396132806696738,4335.564330427589
4.8417559033212445,-0.682142227670741,-4.306203959951194,-13.092395728520563,-42.76769878257876
1.5349697207274975,4.77910101738475,11.006890344430014,-1.5222704755513603,-1767.0107958588724
3.842238111038241,14.243587499958391,-9.516562090577807,45.61992257960539,2199.0588957069053
4.76662001469958,-0.7220079269688262,2.048154563405017,27.782047608071338,366.4861496453179
3.129276593466888,8.303517903770194,10.031809616484324,1.677919173211817,-1183.309952631512
-1.2982023717525832,12.045784735714765,-1.7146368314395184,20.86628649612908,572.9767414497677
2.894714522618168,-9.14825907734441,-4.4244786878884135,-0.5446003697552682,536.0014990551709
5.979157690061091,-5.023318535828621,-16.08763514238608,-0.637660073297773,5592.933557164954
-0.08370357919409654,10.214083978105812,-15.024753082044327,-23.39486145155716,4342.898213249553
1.5510963790169878,5.6081447714883055,1.1609963441582334,-11.521266791331437,-110.00598685587548
0.6945393448350876,10.237965603139468,-5.009075332009267,-9.401991167837712,257.36119434526955
7.547791185438026,-0.32568014653718036,-1.7746868234669846,1.2902283799851604,83.17765497601967
4.0168842710373065,-1.8900521095423297,-3.4727771569624712,0.16781441831131408,103.41907904878586
3.222385508723331,-18.98639475583373,3.6414404935865043,-6.947308216702405,1351.595794036667
-0.3097482233359492,-10.460004265074433,-10.846874114294451,-7.065758394406123,2087.051619443544
3.6177475738754516,1.470660946584937,-6.355806435831669,-1.9938376272954268,314.98027244494403
-0.022997981972128212,9.245572195642364,15.96182228633144,-16.57693980818739,-5335.065910793901
2.0954916748230534,6.311783665356953,-10.997861383857707,-7.3516627244227095,1695.5433187507738
0.09246176486335722,-0.2824197402770201,-5.815754308001021,-4.575478437699541,210.12212443458859
4.029299884839499,-1.717715664906967,-8.893867019785693,-14.987387196874494,778.545573005843
3.729772449844823,3.1717963263828013,1.4478136240725021,-3.9628547191745316,-64.80334709956247
1.3751037332660154,1.782111810921522,7.223923224420695,-10.017685962414099,-630.4597819316698
3.1880201379849358,15.04545514939712,-7.982116185861097,14.824588704113722,1392.7808752747662
-1.2791845261915173,2.4644077047824986,-7.314143411046852,-2.925645565669463,445.80686006391073
-2.4737727781168166,-13.812459621972984,-5.789816053030303,-2.2745480190789076,1077.271364613041
3.3181751037936107,-11.72558135032317,2.298337834749577,5.136337284256409,693.1885797083685
2.500020486117587,16.1875933696358,-10.393953025101954,6.68361980208755,2210.8723246462264
3.9050943106763194,-10.711604614500803,-6.759599659712592,-20.83490165160181,693.165087870691
9.149434324591827,8.644974530335336,-26.721938715130154,-4.521409309290419,24956.48161358207
4.833438460971242,-1.683727352093812,-16.81745009494985,-10.908387915025095,6097.230473660011
-0.7384666763324756,-0.6975829390248549,-4.124437560192883,-1.742042930318617,88.92616178685108
5.351048864287559,-0.3413278276842011,5.978641732031214,-6.435990254386969,-321.3430181334065
-1.9477222315345637,13.213849594591984,-0.049242166981375846,1.884833554293699,419.81944569620987
0.6152461855558731,-0.9284182854396468,-13.987684566672995,-11.76551094674587,3427.8976038073292
1.7952751840261063,0.6668071715484705,-17.00256208127942,-6.813206898242244,6299.803480519446
7.1400281649481,-14.308034973994927,-1.2531990710183125,-7.093916027068237,876.1208149809256
-0.2342644661453197,3.066905117080033,-19.528036422528437,12.99109644565072,9811.286991187964
-0.4793156159770433,6.310425069780597,7.659268187168889,4.416043911366516,-492.2197554251521
1.704642426723703,3.3914558065378704,-2.3610380834982174,4.4266644910279895,73.96912040881172
0.009565140913677883,14.978962610867354,-19.07320159234058,-3.435819369720308,9517.294918201495
5.379907766319521,1.5517135478023174,-12.659538588418696,-4.616614225122648,2617.24360715512
-1.2397945250902698,3.989774561190176,-10.243113192311228,6.732034661971648,1466.328139368582
-1.4424059572333072,17.48504010268179,-10.731925102234387,9.32920720552542,2517.2872807896483
0.6865398657666979,-14.500141893581478,-17.899330082214924,0.18176142754608987,8378.990234289453
0.5059026479230853,-3.5582534779936887,-11.746625219888452,13.699775345713217,2376.5951225583613
7.788596161450958,15.261587520192663,-9.844015561404262,15.289860330182208,2073.470989931314
4.848262420777282,10.361291483110824,-10.112857556104384,-19.976376472666974,1333.3444040393867
2.2626537241555726,7.783800988404703,8.279566249333806,5.164546617396599,-564.8301156317523
-1.6763065564905038,9.326507394644784,-1.9517219717278542,-0.5112231418924394,161.46282139601314
4.5330889292046415,4.270662091210221,-12.932572174375524,4.6594657676189115,2884.7867457684843
-1.000646042168694,17.315974275322716,-6.34621605954122,13.39171833632091,1278.635004038928
-2.634313290332835,4.777591697307178,-11.795570973113842,-11.046457957097282,2027.016695493621
5.564089377056906,3.3986710589527855,-6.000066590117569,-19.443289229070743,57.78182719990189
2.950827835774549,2.589586741256433,5.755091531413832,13.274297674212544,-99.14798152098179
4.762576471342457,2.9286395555038602,-0.4772921938787462,-11.98181573916495,-127.79270425374631
2.9561829588290633,-10.570172808158679,19.856011815280667,-8.234634167052427,-9757.450639741895
4.570491835708074,8.706730544633434,0.759274257674802,2.455450721035804,202.69986934346025
0.046923220099559515,-0.30439733783327316,-12.135945099771071,-8.233221853936271,2213.9609712071497
-1.102728525353394,19.21915097860406,5.097407308144474,-19.106527539787173,583.0306046157002
4.044783554844881,0.2434952941157711,7.799312171425356,0.4102772089887058,-591.5471337859492
-0.41022899252152323,5.209182841756566,7.941669914439437,-9.377815907542312,-742.3805641673928
-0.06864933325060152,3.4660218626133443,-13.942409530350915,7.174318534443223,3604.6159149805308
0.6334024894479706,-5.255570351092533,-4.476374145148375,-6.072918672943857,207.38818168126696
2.0524374770751703,10.921368285185059,8.318119568284526,-8.261353664649576,-612.6218150430473
0.9380182662395482,20.050636405600176,-19.84728958873941,-2.520006469322513,11209.296086317825
-2.124853880254056,0.8522278034015522,-7.994167610220383,12.625841722064045,820.7053891465167
0.06914479150132857,-2.004787855854223,-17.269376854269915,10.894848979652211,6876.517872248945
-4.67020945667328,-2.550287310553741,-12.325702298970132,-13.118714189516634,2338.601456567066
3.8756943530815624,-17.923618933173415,-13.124571527438063,33.596491789043,4714.983126110006
-2.8061729668202426,-0.7781314370301256,9.505698325434349,-3.9093158950203404,-1144.0224707436262
-1.3131500182853517,3.5099811600832393,-5.345380349087504,-13.828988747514009,36.756496433084266
2.156495237782923,11.547579251802828,-11.633555813417825,10.658783880585341,2468.873008081105
-0.21868898917393986,10.600477411499279,-13.356057313844946,-4.340069488252222,3269.647760986853
6.629043786220207,-3.1649908243669245,-1.583328351284697,25.844634094075793,436.4115722714146
-1.8785707291703457,-1.7682299477388832,-3.111356273406671,10.168900265778406,191.8718750049039
2.801152608047549,12.23905305614439,10.44074374673427,-2.3846381557052174,-1161.8965992455696
1.8821515453175133,-0.7346389707287913,2.0001669585730255,18.90368253278645,230.32204829320062
-1.5042804932235923,-4.100295397556169,-17.317977780650374,10.189382537645336,7003.662750179294
3.569829981595261,14.925184494342723,-9.289807075912684,-14.746742363218676,1411.9760382097875
1.4853610063332556,11.37585667050634,7.700725120709771,10.660729314868844,-165.48889102978555
4.315371653641002,1.187917917742578,-9.210826977013774,-6.197849303381407,947.6859608385333
4.470512461891195,-4.937774477786675,14.34572174923709,-0.9999154229600971,-3678.1527017099415
8.48970784784207,-19.11880319244709,-13.982894313247467,1.5726533906095383,5142.372743936734
6.009583848309176,6.897036055747239,2.7261335304079015,-10.549152147195128,-54.86490709863079
0.8924544861726693,-7.963697225521802,-11.612155533986416,-16.000107346688416,2163.222251342143
1.2818624672722208,-18.62732009140752,-8.095951329463574,4.4134081310435604,2190.7325703621586
5.29897878766134,16.84820527349018,7.985816482311465,-16.658801984038355,-118.70851088082895
3.9657911921677935,7.479677910098883,-4.27067162838517,-30.90243152123119,-197.54086924412195
3.9203945782927763,-10.390081931169654,5.13452245114107,-10.033267252457158,227.94129006509132
-2.8508681329325034,-11.144013829592591,1.7329059491479946,3.9731090578607815,627.9858096597302
1.927021626803193,9.709617821716195,4.538656835623008,-3.238573602839571,26.758355255865954
-0.2140927276170661,-7.779706165358702,-11.881882110855132,15.205571287440858,2691.7641198846486
2.839773797129715,13.961498675278833,-5.215743982040006,2.2050419451802674,675.4448907477148
1.7055488310711262,7.164593126261552,1.242526181008702,-9.195715823364973,-65.50683335901039
4.730536724277776,6.365965205668235,-11.490728726936604,-5.275002605753926,1980.44090998069
2.951654645573906,5.046954556143003,13.295000432323285,-17.238496311230143,-3242.3197163150626
4.358983886326929,2.914508720239118,-10.772280421551343,13.029566696471171,1786.622920998663
0.6007427097921707,9.805111991771104,-6.000035769377952,-16.57320103299549,264.6693871576613
-0.8333387677547512,-3.5408036251560517,-13.065590647942376,-11.044891585431229,2842.7073085984193
0.7698509203923547,1.8595197343438468,-24.433080652386884,-1.923434645143535,18900.83688138562
1.9489387584156783,8.519465876771957,14.969185225749278,0.028239173889865785,-4248.092238961755
3.1374552066652455,6.629897185861278,-5.043389369030472,-18.03180436211747,7.770407744673324
8.777926852072557,-10.949868052686604,-7.479148384155403,-10.866429542633941,1058.66808823175
1.873228545018072,-4.004096673042639,-4.987150616707987,3.1804872268718243,308.5710848534177
-0.8678350014783307,3.5280350541915455,11.198639721964357,13.556680307963926,-1658.1182427210174
0.9620546729018407,-3.0801470903989685,-12.651066080644172,4.1880427450821,2752.228255961108
0.6092120760617175,18.74658560973333,3.795678657650824,-0.30971713909025017,855.0107470142165
3.4444444213203864,-2.931531947541129,-7.237882485494763,-18.748904806441573,348.22571996165476
-2.6223910433338746,-0.6221844757669084,-8.966708555383098,-7.408108158625085,861.2970478241011
2.1897859826009953,8.694301781773039,2.6705821252018236,6.25793089573265,185.20490104442052
2.469519613896127,4.3053274323491575,6.88240573742697,12.971360038258648,-265.06548351832896
2.696543108600827,-0.45274457204769236,-8.139029502799154,10.672510897863056,844.3288751806069
0.20805179310391186,-6.564935288807483,-10.688491596748099,1.656859733347281,1855.975733625189
1.286234810791979,4.0151405739676616,-14.690957473220271,14.455205599790137,4283.3570267425985
-2.2721827269475945,11.390964403783926,8.035037667283756,34.57752855796756,47.52405260856506
0.5200403499134179,5.790952240982286,-8.75255994806118,-7.126342984592254,817.0494078714955
0.37141557194984687,-6.781835214561222,-21.49130727275451,-9.157389544140436,13030.140875484132
3.2481501387842764,18.367749569767106,11.099521383961463,18.221795109356655,-653.7494559279512
-1.4685472954657381,-13.465778900358943,-16.69859501952942,2.825574304625039,6891.06065945913
4.34359430512998,-14.82685641802789,4.7946053125906145,1.3476922611272388,835.532664382149
6.483453633474106,10.605572244572283,-1.1657135333247526,4.708491931909506,328.733157843744
-4.209955075040598,3.258404786026901,-0.12084567784721623,-7.853838062219516,-104.04363007250296
3.278776192334303,-4.494985463040402,-8.843752753113218,-12.417543417007066,864.5774754809598
4.030724105090737,-9.985707275553295,0.6559146022463604,-9.32577011457973,378.2813956857267
0.08768892334331291,24.20799839280298,-19.677798928842375,14.951355081972176,11752.550143271395
0.808184557013607,2.1709087215544196,2.8803774873981283,-17.239687976214977,-244.520974436007
1.601358267239133,6.342011708457715,12.570100415321601,5.983855747782595,-2470.705956524097
1.106627361794815,4.178850972381816,5.840271974263262,-6.692249520306114,-320.68192005004096
1.0729610928586333,5.348079577311579,-23.195400853867213,-4.240402664584134,16207.572933780244
-3.02801141898993,6.400944605248059,-12.842090022728483,8.915411719299998,2934.6272446671314
5.45699469434936,8.324240097548762,-4.87794921974807,10.127866960294744,415.15259003289094
5.238855776110463,-2.752224007606727,1.8693730493993268,4.115718454403233,126.35082782207368
-0.44009277761260845,-1.9164198635184455,-4.066526736602251,-22.477435948392074,-173.47246516665928
-2.399272983407542,-16.410228083589015,-7.932143871104978,18.851576504109495,2033.2821996329492
3.563194629358276,-6.803044065015394,2.9530030769229283,15.722358206394725,420.5408594961035
0.2726360905608016,3.7111279644671487,8.641517662249663,1.0972419982937673,-831.0375798398945
2.425859489962339,11.450233755026906,-5.322940071865974,0.1230938035129395,478.29350588745825
1.0420147485647144,6.99039526376184,4.289298673852393,21.61739050344186,239.25840062570725
4.07461625321056,-2.4069234387793044,-28.790507451894747,11.366691255524733,31235.61250529469
4.084247430968018,-11.631729120851542,-12.375093861087292,-0.35153284289903564,3085.141126179825
-0.17679213539075267,-26.77359145427433,-6.212589370580095,-3.508064110213731,3077.525922238987
-2.150091866185166,12.517339747807991,-7.8856622075462575,-2.3224453321323235,971.3207877913177
-2.748815192005246,-4.892289865101498,0.32798217404454766,14.126784652765986,350.33602241119337
3.8311381373216156,-3.4846500620405925,7.137505474982607,12.47990141648025,-214.54007897658053
-1.566577773352087,2.3157396790806875,2.0666902602838846,-19.36107613798564,-274.99005764450595
0.47955093710393726,-13.055600473918899,-9.222254717550559,5.575708786392767,1845.8685048162856
0.21105788464847564,-2.497821801115369,-18.22768090504186,10.369455976531288,8055.148061248782
1.8422981111913612,21.23471949769974,2.5696412057888702,-18.07755799166062,989.3578487054248
-3.808839417539521,6.053869385773427,-21.38176739670012,-0.035577017259871974,12741.115654618228
2.5663357903814856,4.592491565134564,3.530372834064285,-21.324523276518228,-313.240523086953
3.571673071502617,-14.824944779817585,-4.884490821300682,1.5539140312966424,1129.0861065355468
2.265266261133984,23.436018945826405,-14.758349879382289,-24.99881402295538,5408.426257591225
1.0673414849045848,-13.227949086263427,-0.12742687533207242,-8.180946284495011,698.7264509167186
2.2922004988063502,20.223247554443986,-3.02876102659001,-7.332790973941615,1047.229545980581
3.1971390369203907,-20.150560151878075,-3.365972929162469,-8.506197841711273,1629.0617753285946
-6.31777826927995,15.053654387244203,-3.8422329652739404,17.4183362036948,898.677769500161
7.867736924752083,17.180542690002255,1.195241084261415,6.426126836869244,906.9544180638076
3.170279968063779,-7.244091213278345,6.244340219585094,-4.7948263238808035,-88.35683554808595
0.042774252838939875,5.225803722728828,1.9661519848385156,-11.196934090729215,-124.78764445062484
0.8271398744371967,6.474805721046651,7.1213318982230955,-2.8653158021427876,-459.24440523463295
3.4812253320475652,-7.1379448323130585,-3.4413971884780623,-12.349355619591783,177.3687954216391
1.6516881828969003,-13.491176107369304,13.184593242319746,11.676960049795978,-2034.0407098358944
-4.092053403344483,-12.177173431407654,2.7110982212982266,23.96119201857343,963.0424731901572
8.193478584077958,6.410082199598076,-8.436940296827768,12.638398776985333,1050.1388504621436
1.6683780283025822,0.14884397480594258,-13.938950567344051,3.980284146541787,3566.171681651991
5.060518135147399,-4.643010333021604,-0.9420319626592004,-1.9875453995177514,152.2501430421943
-0.07614954335317359,10.667680111664602,-16.06521522922601,-4.861275473537535,5558.125566940313
6.609131162737393,6.080679093914777,-12.733759675567486,20.94341487225113,3033.207221426988
2.8590310666768386,-6.554627263656334,-0.6091291962640075,-6.911227290258417,153.08883028483532
3.8265315034263523,-11.012015190173893,-9.078874462819542,18.733182682748996,1768.0147422366608
-1.1357600984408642,6.232617386880769,-12.333162402269222,-13.578470904241783,2299.9222777126893
5.633435869048102,-4.375833685580619,-3.3447504608839824,-3.554779852778487,155.44999373411596
4.069454493604365,1.9920486253150242,-2.273221008962101,-20.56867911264943,-233.62062052454934
5.905538688694995,16.762989726277176,-5.058340252187376,1.9108104147393599,951.6528502690634
0.11573732107526324,6.023282400747796,-6.775469190592886,-15.164731462514482,250.6434163002005
0.5569186446176368,-7.622669997532368,5.5464272871244855,19.9805928814853,334.41731537255663
8.911750093051825,2.606611898197728,0.4242735128682762,4.94726725993284,125.73723084675015
-1.1800474681646418,-8.526449528153877,-5.23426112194696,6.448760962521817,629.4209977730347
1.5921508979650376,17.085221559487238,21.643219335153653,3.3921413899772395,-12375.67545444737
5.410674087808086,-4.615787496032208,-1.0616826307158693,-13.110489772693652,14.899671025785164
2.2931749031445667,3.0727074697361862,8.320051336773298,1.4894194528059241,-728.0523099762413
3.748861039259881,4.07732574679432,-8.609810031317565,22.04496825441293,1111.1895388960754
0.8016529122113745,2.5925046837370243,-16.6294094720801,0.10265911207572898,5970.096021797732
3.110167663542556,-18.585489551365388,-10.917565156434645,-12.204194419497753,2961.0647596113463
-1.9195805552059495,-13.464210639833286,-5.680097833981119,-22.228111880340435,770.8125837118766
6.974392038854564,-3.5235027556909166,-7.96608209729517,-8.559923884704922,692.5193280457257
1.6455078646142907,4.194318333315307,10.363861823227936,-21.146746770490537,-1706.3309855646146
-0.040534611990551195,-0.3777921428577067,-4.20041122096108,9.966208428511168,221.1769548668928
3.999149246095743,-8.571474731510168,1.6146887744113991,9.374007194186946,507.30506766531516
0.6178406378343402,-12.48424319121701,-3.4648115603289034,-10.508181926646603,625.6120316691913
-2.0027754142082603,-3.015575444993436,-7.335543327331676,7.3677757016331125,677.9578994221093
-2.0401525173926665,-3.684760446797231,-2.6200398654648502,-6.917455835483786,34.807624856161425
4.081319458070397,6.1283645759275664,14.140514697707317,-0.54737139329831,-3615.88407372987
1.5212796855611992,-2.2631846215831812,-10.679485917368151,4.463466618779741,1684.9497685278818
1.5988953209946826,7.027076564293296,4.669904505595512,-5.327520108473907,-137.02972135725952
5.233231417928788,-4.9464976972040535,-13.260072516257818,5.018440183837401,3269.635301364961
-1.3804774262702306,-1.5595766921426835,-7.596264422694389,-20.22873660561062,365.7780679016785
-0.19203325859447462,-2.480463796426194,-2.9641679404541637,1.4096998558556353,101.71322613955724
0.8453605724561737,-6.823669669020897,0.2637508972699072,-0.41942426865281224,253.19140360996857
2.283054767951222,7.251186564337302,11.83128627973814,-24.556717634977325,-2380.0939383118157
1.8734856461282632,-7.13595997094507,-3.500826414645354,-21.71628231277785,57.975554520367204
1.1393384228302772,-4.2164150997061896,-11.436156065359265,-22.314283267523123,1780.5589755417686
1.8151207937130578,0.2688035405180276,3.500419730507697,4.971682007087415,-8.79465663938237
1.678084171126476,-11.973796559567399,-6.641698089157559,1.4875155224599292,1053.8341156407878
-0.15881316565537862,-2.2493495832049915,-0.6131842906816463,3.2874909260884833,94.6678313321682
-0.43897896566223205,-6.113063597427885,-4.162224395377518,-15.916541910097937,122.6677547303479
2.8235490731718187,-2.881541924822496,-22.434568512868225,13.667685727995183,14927.144705146558
-0.6727452489865837,0.4007199732890938,2.0829918559397314,11.79409463780868,119.41748964690677
-1.4720657775725607,-6.999136231406647,2.8336800682129875,-9.20355642027994,128.16487993129587
1.0631232466229201,-1.200757798203556,6.266047683086054,14.112723317445557,-119.75277266783064
1.5269989515085522,14.086687523521793,15.004627624602275,-3.011068761373921,-3937.4193114423947
8.770170491894628,0.7420144174551289,-14.951037734634758,-21.31446028812038,4167.372177747231
-0.11410082756870121,12.452621730192247,2.1650744428175948,-19.59233719381071,106.61433453570733
4.829782174908484,4.464944420067607,1.092949966409554,8.80468185426007,129.85228081221211
4.241565002613895,8.741606098188164,-7.190819928078221,-1.2485857280277513,619.4157074096926
-1.5668348656112085,-6.744589687708259,0.9710623644977878,10.574699357447177,390.7587931109897
4.319758932207799,2.049071650855127,1.9964695511196595,-1.0604774967889594,-26.622998615984155
-1.5516419205799532,2.339129226154759,-15.186838299771969,3.2120507203293434,4577.888801766532
-5.977516713990223,-5.126257388749357,-0.5377723872356781,25.482317075762083,517.0715743344375
3.818958573078142,-7.228283242942817,-12.179843060046156,16.76218905157681,2858.6021834828466
-3.2676717503131583,-13.902653879072982,-9.518564999305905,-5.193927223324926,1919.138805266441
3.3528033854177446,15.96139636951632,-20.747448151886502,4.499624696437518,12288.695798257322
-0.052032693211649494,-8.724028893524977,-7.7336092550247875,5.933345316741473,1056.8741382946484
6.978652388569616,14.462210732223001,-5.035706714734769,9.136694009953283,831.2403119483422
5.205528197948027,-3.674931736578535,2.4985686729639083,0.8521056622563569,102.69325611088975
0.639842588445837,-7.624932997247338,-2.9910007332889283,-5.922382205940435,264.1219460660859
-0.06351283308604705,7.225191403049976,-18.422881507996784,-0.04347380683801553,8213.313612826369
-1.642232209282362,-5.311919417468571,5.6214805688426726,-5.763445313740511,-143.00368653512643
0.6772321031222259,6.684589189242769,-4.185866235500923,20.200407374877518,418.228688962883
1.1589335144464727,-2.328117648522096,1.8837059042965745,14.888714866023868,235.7833302467446
0.9059193668249439,5.804244961177868,6.659361184597012,-2.4433802265526587,-373.0718243209294
2.470111565817092,-8.681860639071049,11.226047489690348,5.139507128325738,-1401.974610660309
3.735564493186635,9.313510579847684,16.612269893650154,-1.9855111708282729,-5810.7272467487055
3.048963370979522,5.879726826630046,-3.7223875867166796,14.318893631618543,282.9994146732582
-0.292431771719329,-8.196506900626618,0.11124446093653528,12.586566197015912,497.0329199440829
-2.3133744214047356,27.429357210147415,-13.783610908167798,6.823329992530644,5665.420319568091
6.093595544307414,6.4012302640049406,7.61600170035261,10.45517123537431,-363.27813810001584
-0.06834755364981282,23.90467070530539,-14.848874445717696,7.9268496964989446,5958.645018184688
0.04311920019494275,17.00267818748759,-21.05251688630421,14.088742245699589,13045.008051340747
0.4364320630966674,-0.8883478021778379,5.303860053403918,6.373576479950374,-99.24560143036065
-3.529208650469945,-3.122717546045429,-8.216965249478154,1.8228063493742779,814.3491382712175
0.56607798787854,-3.034591834208012,4.776072813422404,-6.9267074831908575,-150.841215801973
0.561032557976157,-17.3002855042781,1.080746493461687,-18.861008849918186,1039.2935251196798
3.8610748950305376,-5.958351193495473,-19.300026510237085,-0.33418056608055,9569.125223686437
4.095371447322008,3.467660239799706,-30.196793643226144,-8.892666400849553,35682.36739878665
2.011312667258808,16.259575608848085,-13.966017470927191,0.7201088034854837,4233.6444225642845
4.7955451223429115,-6.727718829782021,-2.8350851301913544,13.685861090245083,491.00161613984426
3.019894951403786,9.820565993630106,-15.217763346947718,2.0738961052842377,4801.905429234238
1.9529536651923356,-11.52593341503319,-9.527614493487128,-4.980020053315488,1684.3508376565617
2.482784504894669,-4.863200252111324,-17.589407305973253,-10.237543498339694,7122.929571701745
1.428039519255802,-3.57640594289526,-1.3012204020307556,-17.161622489087183,-106.33972110386406
0.815451457899649,4.718110814974935,-2.091740729636748,15.993664024289853,233.7237931977824
1.1967993893181006,5.573096467208113,-7.8139262404763326,-21.320292227150993,371.6149392636087
-1.3840339944100206,10.623417448143453,10.970653013137426,-11.217396314772726,-1618.626077236232
2.841325115948888,8.708369604049366,11.977150273195633,-27.758423204364803,-2432.1794314697017
-0.9793708327887423,3.431682154024917,2.6526720253645104,-3.7936989089965945,-75.00924100207892
4.52489379222091,4.903649435086224,-20.997711814667447,-4.1074147171269795,12023.607328013251
1.2516242595171534,16.885306910975324,-14.046901472056094,-4.851533047553925,4276.832937148665
2.148484944950272,-4.1092618123226305,1.0713033108324819,-0.7575587997168303,93.14211102067554
3.481510328842869,8.74728319067162,-9.285575802445898,-9.85518089301311,1076.774507355957
3.9299433951887837,-17.081439264982514,-7.870914317118235,-10.963867685864805,1746.0554842505958
-2.711870225900358,5.113342428976086,5.9896739458806,21.81391695913291,1.7184551687011194
1.379288971508085,-3.832495424791074,2.108748218924175,-4.0087553803604505,48.88764924208368
4.640536736242346,1.0257118243151002,10.141544338139488,10.891903499361183,-1206.946228302336
-3.0943174582967634,11.400862450537032,-7.292092966464773,-10.041252511835859,674.5329528984571
3.16184142618519,2.646438095263976,10.752254204468972,19.352743137025044,-1384.4369781187288
-4.766692688206568,9.851875412089273,-8.541312470844858,18.170185572093573,1264.2115789278184
-1.0675205309068105,15.737648151384048,11.99491490138763,2.772224186607314,-1582.8549106798826
2.1158916555205645,4.890939688657205,-1.9416535638322132,-13.1943791156338,-146.95751927963914
-2.970145306965861,12.710410646204883,-11.60509747109608,1.0440166287319281,2407.2207197626676
-0.9565322130524518,-2.2656097767920773,-19.31219507653533,0.5676540004926858,9410.652454906967
-2.415505022390761,0.9179011773038596,-6.014723148616932,2.875486969073963,288.3807049155397
6.9444047966226785,-4.22619416398478,-5.562326979954389,-11.738647394396049,241.3772543329354
2.492683266462002,11.42977594646376,5.576619101224521,-18.276001634151534,-162.71414244244613
3.701870833558008,5.140913537935951,-4.105905028082073,1.9483564485844163,131.3575721326016
1.3319746984545366,-4.072344618949226,-7.324319785784446,-0.12349579600462095,616.6801285848843
0.9397047537284027,2.5466883364633217,7.770374729475364,0.024900263032396792,-609.0927877061312
-2.8494225659530974,11.415683888185818,-5.248265612701514,12.32160694621161,630.868813662716
1.1244879117564115,0.6073200896204681,-8.762418162269032,-17.701925796376386,662.1772835960754
-0.2844766354348698,-8.489328108497634,2.7460891729257284,12.128324591853659,483.2860266376599
4.573771772877009,2.3191175578741223,-7.898282188472669,-8.918730480207815,532.6105758748756
5.42330559997272,-18.805655910689396,3.5880214169151294,-4.742664790200716,1351.9596361028603
6.399736146722533,8.687706443994749,-8.969171117831944,-9.909352359015246,996.0593555996332
4.5576558183836955,-3.213275873246805,-5.229591829703795,1.0754382940710194,308.83341667613763
0.20403818923104167,-3.6931073627910678,-1.4782302441173365,-22.86981449759913,-186.99227334538415
-1.3476909578811833,9.756956787795067,-6.741263202643059,-6.817028643446323,497.2190498148508
4.299989544935258,-12.651628772251687,-3.134514693573897,-6.189078543424234,708.9514507825435
3.068878452416867,20.470986428203577,5.154719692400601,15.167162428358335,1147.985638939483
-3.305615352031092,-3.8024204173822334,1.1060179132004766,1.8083777254466171,123.8613286289144
3.0664453782313075,-4.232509433848951,1.8096985003462347,8.346219737955636,226.22557676587235
4.443559467463599,11.212247431671631,-9.354304386192672,0.07126577263803117,1346.8129471982936
2.1767767675448897,8.086952731104265,5.5282976827436805,-12.586804457552574,-258.0319672136972
1.4448389869719755,25.51229719075076,3.695623405090826,10.886458418198972,1915.7717297753238
-0.422945462849067,-1.1120598363151997,7.044191922616248,-10.14529610481081,-547.4526633519886
-2.339604098690163,-0.20406638664409726,-10.263658321861023,-6.314920089273098,1339.9935761506122
4.4008938480200825,-13.793159799632535,-4.724585966814571,2.1851973457147977,1021.8804422898739
1.0726566656848737,-2.3210227734882514,3.3353390246040044,11.346465473365273,133.3859617833172
1.2996000153689218,-6.214312955717558,-9.088151174171314,-2.4166145193929305,1152.9665087838234
7.1981635607574,-3.4876701310549914,-5.2612246976395625,18.126296783799305,544.8149452050747
4.053503320577571,-16.441877565539553,16.25805737459527,-6.85774098062519,-4522.522961705813
3.112475003843306,17.60607559894514,16.517610122678136,7.987071443455582,-4931.222766569233
2.426185415561707,-13.166034824256407,9.399405498273602,0.04339561140843684,-298.3134199231148
6.559984582297318,-27.02202798391713,6.385851362497682,18.560062058549036,2804.006797001377
7.158767922248583,-10.884244215830194,-13.192511495051296,2.572872159131789,3638.281245258348
4.788515334438584,-5.03839552796151,2.125622314261223,-22.52775381667316,-101.28558711545861
3.7466737741937726,-10.495540632571181,-6.591165950658852,13.060022517714092,1071.8932933647752
-4.283809213618435,11.983035407325124,-13.585718976053677,-0.9785821600863294,3580.0623528408387
2.3711657427005197,-0.3783917859609385,-8.0900583859132,-6.636742932820594,622.6366790056065
1.6096791374188881,1.2538560440645898,-1.8433492595365344,14.675577143050067,180.31360233590047
2.281859688156706,7.103917643054127,-8.473555742986665,-3.9757036323540214,814.0643233678934
4.829138261967554,3.8601252697811796,-8.5079942570684,7.1998409179481015,902.3839953885104
-6.219031501568669,10.78567297446043,4.920414984229742,-9.22059983157213,22.494867894201633
0.2920638395894448,-10.094775536361452,-1.5589351487676817,-10.033561521935852,380.8711415818432
2.809713064822284,-4.475181006794317,-0.6654192033768198,21.726981127003334,403.3861604458267
0.5994633618417124,7.659671460695378,-1.8812760310370165,-9.44439284715223,-22.520990591863267
-2.2507183393787784,-24.3455446208423,-9.75703143371651,-7.017251237009621,3486.295913646107
4.606890460690386,-12.751844793172408,-16.705719179606884,-20.499849502412197,6550.69644052864
2.830615717538384,6.009922321799466,0.10564710420478463,19.559786928093878,292.9552301727427
-0.913313711333454,-3.802490349949254,-8.070366321254438,4.775979879541181,860.8391961288536
2.9444516135474714,10.361075501096977,-23.10782268585878,2.8533556014311627,16298.107855111415
4.464757136149387,9.091802968531628,-6.925672579651525,11.701660926943541,748.587855477289
2.0158779388980825,-10.980928801910382,-13.922179413406234,-15.952038832011205,3895.6071182717087
4.40169441029299,5.066570874668812,3.986502343077553,-6.492561383036049,-133.17863051228673
2.234780525484984,13.016978556675063,2.2162522724034,-1.0972527749941285,370.2114118774836
0.8143130520369368,2.4743440165097192,1.968931448384696,-18.581652608741532,-265.21509191321013
-1.4782615491997388,-8.774648772458692,-9.650416181586909,15.737125516199413,1740.9964350439093
1.7422076990851618,9.7938994191337,4.31551581862154,-0.22114860232040662,68.73766396765006
2.582878814137315,7.354245265539955,0.19649783134072996,-3.8794636350660037,66.43785249159285
4.627498284761993,6.426107834987963,-7.098545384398195,2.8347058748194023,575.4170165417004
1.6546775945383199,8.159388934369916,-7.533374321385169,-9.03098741204159,555.9122679749156
3.3722468186629726,-28.94612860227619,5.927081528737002,0.5413560457555953,2988.560285866959
-0.893836041201185,9.809375610809715,-7.736040569636581,41.13046256402992,1281.965243513623
-0.3478874674825754,19.081318105789755,0.03656473526278292,7.256184362949614,1061.0053598650222
1.6688321029193367,5.36638474629293,7.339569868127835,20.019732715611905,-243.9283319506877
-1.1638853919550414,2.9272899649972683,16.093426255571085,-4.260997469471044,-5479.231671954728
4.4607435119740435,7.964386733914393,13.638731244377297,-9.018827881571253,-3281.2574004271733
3.3893909879558213,4.382254736851153,6.008227642090299,3.716443072459912,-212.61956386851926
2.8372872931773605,7.51781261700616,-18.05911351571387,-16.10045932108842,7549.134292504439
3.016712375647834,1.014710002454108,-9.890484294179712,-27.683493185349533,916.7950874816866
8.063130684454393,-6.667048545369003,-8.480871874725356,8.779110060265666,1204.951575472507
0.5934074360996131,-9.043227122146135,13.53149832565321,7.696057739666752,-2731.302182309011
-4.604323856501674,-8.98191728231864,-9.99317940972091,10.00621466103686,1836.978102339462
2.5979005906893957,-12.730425509508953,0.8616637709836916,0.33803847827995914,744.741412430374
1.8481893771150024,-9.677420110191065,-1.9913293674268822,23.740472398555948,765.7302075942124
0.4474428724687902,18.61266127419863,-12.35127209437544,-1.0479382446913803,3351.5738298357232
-0.9364895780763094,8.540956636562427,0.8182400961938385,-6.647576889486935,47.108767330408966
0.6824314345935563,-5.250273906846713,0.982960861974925,-36.077984580087914,-267.1347725059657
2.5440152876534636,-2.9039269398550807,-15.557748817415016,-0.5659904118388996,4943.804645268176
0.49154989807238536,2.125575309064543,9.228774470534098,9.982533420716141,-927.0447343972755
9.237361038631246,-5.555450294843581,-23.865100288551876,0.08233438247397547,17936.491470248748
-0.881513144899444,1.6751685717432485,-8.90757152909962,13.490660813361128,1077.6541976253677
-0.379352088123015,8.77604137902912,6.719702938655756,27.538573995064695,81.71771473344765
-4.865860120043585,0.6425726645182652,-14.932578334740391,-2.080202500526394,4325.623822335434
2.754453245064611,4.360157426619921,0.5026591956202999,14.7750427151197,161.85316726905518
-4.04921988339928,9.864915393596158,-15.963603882754299,-19.03023090216029,5236.128833579527
0.3816360998764958,-1.721317560182082,-3.930241444442233,12.37582925227951,258.72285631896784
1.1729883963183292,3.8479059913436315,-26.137731131722003,0.7618857646412316,23245.50881254156
-0.12918389754066473,-2.0937759288336135,-11.425717017130081,-2.6566859801647684,1948.0623560075312
7.216618032363533,0.714711301655836,-18.429214471542902,-1.960787040077875,8131.772929575468
4.983183173946497,-2.2473026508296,-7.017637421265007,-1.8756416200637118,493.5863643176601
5.957410628904727,-4.288698535561153,-7.1523139582165705,-3.705634912142999,591.6387048491293
-0.6472564556497558,2.7371185298702345,-9.736641713091398,2.3840756417959783,1224.427692295602
5.385782193543705,6.665453158182125,4.979131965667455,-2.091505608796825,-97.25661768059305
3.4880028390318865,2.4630444600104426,-11.868796038714377,-13.869509747558434,1995.1885344724649
4.3142178460305365,5.9872695831193194,3.343866731890512,5.00464666790549,74.6113237701144
5.088316486348301,-6.379317802412299,13.292757699588616,-7.294415380673618,-2881.0823584913664
-0.7262897378771593,-11.037351921997795,-1.6093584969531745,12.57583937750556,722.7609540516104
0.7270471370662954,5.170435029676035,-11.576702045753997,-0.40592359886856855,2027.4295474006778
4.587788033985353,7.878813911747546,-15.493385148615424,1.5242874398542812,4971.884195218134
-5.966857278924799,1.4985726659982266,-10.097851001194993,-24.590782958935996,1036.5142101906604
6.539984247719616,14.480357804247188,4.04642720749891,-15.080161538017466,264.96519524145725
3.659396192622752,10.076987979878986,-1.444092650311025,11.275372722089397,335.81202637299003
1.8628881180192955,27.805708407690005,6.367952162539888,-8.80580071231414,1796.5837700558907
2.66152296727152,-1.0080851399566555,4.70330879327212,-6.389251907987396,-195.1065150844704
-1.0898058499269299,-8.988487960953682,-1.5918934812176408,-3.335279607219352,359.918900049343
0.9501699062326858,-6.4013679073951355,1.7348826166646223,16.36491111392811,423.33818705205033
5.300853014661121,-4.654978063746563,15.552462094204792,4.489655973619002,-4664.852581060393
5.894065916978663,5.7603138343811455,11.156562261746801,15.723175240599943,-1552.3849799805216
10.08867215769074,-20.580685639612568,-6.0274601690425325,-3.2129735703742965,2084.2989372699876
1.7782260011587545,14.185510180908366,6.896794419358903,2.558115165196695,75.77408779574075
0.024341099584988868,-1.3929659114234414,2.858508058179356,-14.438921464511711,-185.74398323829223
0.4572981021800335,-1.467935577887518,8.363880775397394,14.136374821720462,-560.524193623864
-1.0541256258620946,-9.793431660249952,3.716165720359097,1.3037784443382403,419.9674995960662
1.7664357321774478,-0.14225551450180207,-12.7416743504299,0.5295491855553054,2693.6957034651978
3.1481972900368045,1.1323976766753354,-19.196845653727006,4.059786470707914,9253.866296805796
1.8972731584041385,-0.21944927600277264,2.7262701720508566,17.361504887043875,191.13759112883764
5.289040536997396,4.390592559424304,16.02618198369831,-2.573941277863083,-5354.169329488493
1.2973525959663905,-4.896320419510298,-10.756641079399706,19.956467493058874,2013.393357246711
0.9576480425043101,-7.958157604108271,-4.880897380496502,-10.218271012845497,356.7973386142811
0.2561945694190242,6.4832813049797995,-13.357477261952129,5.0662152956291004,3219.515835338312
-2.8979035787034855,1.9866745381579567,8.778295047056599,24.110622734098513,-594.7464189533745
-2.703303172925362,2.971810551973674,-26.051668550435206,-5.877776775103215,22891.746642829174
-1.5374737919130634,11.590272544419664,-25.636603010358087,2.943070241321038,22225.288492902837
5.9042842149942825,-9.225643912606856,0.7501991982015328,10.530060754037207,582.7778153384268
4.68578081866979,-7.552404572508642,-3.8234364679135213,-1.6547963867844797,371.29784756974
6.124892199178969,13.572196508289942,-7.796230150738065,-18.004239313971958,865.6792114508804
-1.9966349637835052,-13.828833575740425,-6.010947865234137,-12.671512308827474,963.4562033410288
-3.9058740693580605,-12.094121463310142,2.3698791445636163,6.971191066246016,756.6811400133233
0.019831039597751232,9.178618311849958,-7.138039890496651,10.698183839870936,759.335791437208
2.527456859888084,3.3820019202203864,-13.969249717331135,9.414664011851954,3639.782560294616
3.4960708247294825,2.0523213705927583,-12.273629280729663,13.75718416641414,2571.2543650604293
5.143916467904159,0.08340591899616812,5.883388619968427,0.8638223392322599,-225.54239601812634
2.8528390124216436,1.3126754702756949,-8.247419549622203,2.4987980485320795,755.0280924849388
7.228006341966894,0.07887885308044085,-16.852775837671985,-18.22642390989035,6046.552027104171
1.3321829571550385,14.554427025944182,-1.9782167305602927,3.807947444428044,575.4934462197197
-0.7392376541253891,-2.981481287500751,2.0499472178001117,7.352169424693174,139.64140675434263
-3.0436546464833008,-0.6137353627777917,10.289607475532234,-6.998535537791837,-1470.8770197067631
-0.6669140742863497,18.944488052250737,-0.8209661287833101,7.728020386738935,1046.4421072431282
2.726353882955369,1.275097020298358,-9.5971124720967,-21.790666134213886,886.393070356896
-0.6661607720608922,23.320163895251778,1.7400786727702968,9.013195173534442,1620.0565968804096
4.810227390605771,-0.04979701018953553,4.271748700204364,3.603411883449614,-25.442288048536405
6.236983118112329,14.674149824601585,-3.3890530666380676,25.32730240305623,930.3497513785478
-5.108760715679809,-15.553440383096778,-3.445993927255734,16.957026442383203,1328.5071674424967
4.5921569014929435,2.536444608156664,-0.39867095061232316,18.083764302702356,220.08489095491214
-4.71881217598521,-14.844735631509355,-3.6985649825618423,9.808765156417987,1176.4976716885403
3.2044971652708627,9.444543066045863,-0.4988609311687444,7.759387366983097,279.590653221555
5.674611692580979,-11.128678162090248,-13.219133244269283,-14.179575778955142,3433.0338789674797
2.1945683190307284,3.837695543833455,-14.504377698185095,-4.021095604221438,3927.8786278811385
-1.8390675196127182,-1.821958766904351,-11.36111379500769,21.92074164793038,2216.9441187143707
0.24370638716668225,-10.582031851840288,3.422109433294258,-17.473973384677077,279.9601006500603
1.215063662867298,-15.193599828975426,-0.41202432659391297,-5.4033820177575596,940.0171600757348
1.4532656486301712,-4.110404635801098,7.402389642495587,-17.030808969776047,-626.988733148097
1.3913094776999988,18.406294458953308,-4.866909221146099,17.41142176838553,1273.190756754456
1.6703516620720587,-1.9348505488937748,-14.436413958418497,-6.78937594254733,3868.0285265464217
2.6404401467305068,10.17221542115856,8.44553535284558,18.534412391175508,-319.15582742211393
-1.6257209611996637,0.42957132337811854,-3.1876705553989293,-4.965149924631583,-23.686992129298275
1.2739405103893415,9.767267736904524,9.834550362665254,-6.049584961964857,-1125.4037298494936
6.554783511067116,-17.269113783045178,2.979464913921806,15.342350267815984,1453.1892540624656
0.8460637305724468,-3.0318830684953335,18.886186788228372,11.265980716725313,-8541.61102771405
0.6684917205344068,10.494055237932187,-5.1977298571336235,-32.5953637106109,19.517478900141146
5.234591911142713,-0.6325494883317873,6.0072390508918065,5.413689478286396,-176.44222133097924
-5.677553999032289,0.13544717288952868,5.91364106352944,7.202002539027506,-152.51046470245527
5.544135803864858,-3.3046191188579295,-8.5512634549445,2.5176831708109315,951.0110575742007
0.10428872598449823,12.49379383367124,-4.724823171069609,-7.8918960458972975,400.63742692846165
2.49178571735776,3.975143539549459,-17.61738342216723,0.3409013356750706,7108.996551920011
2.2889640677635903,1.4402227617534797,-18.487961370026657,-4.776737771587971,8133.962899711904
4.827404357661181,7.430545453392927,-1.7343119846922503,2.535876331319705,133.50430656362732
1.197215761293957,6.882249291179367,4.9300707069742735,-2.428731154332794,-126.71830526208612
-0.03407734469335111,3.125870464375366,3.380240334954549,-7.463137898867349,-156.8361764754684
5.893537371953296,16.470314969908443,0.40024598259652633,1.9652453556553748,758.9891184041969
-5.09252145142354,0.3971246636088096,5.630171531510914,9.629266922212722,-99.77010515751545
2.0610025451157297,3.78081047967944,-8.896977956993247,3.4680707087443965,968.1195913496921
-2.0437762678873614,-5.4295255335289045,-5.725327484877595,-6.643708679174775,323.3369221658711
-0.2847201647696771,2.501152270061292,4.375215134138817,4.0350482444449245,-48.46321176834621
8.03377004438941,16.877615237453675,1.3311872944893333,12.83750870230759,934.7123369956959
1.866213720632429,-5.4325760178873885,-5.101888137967624,19.144850022914284,589.5975297621854
2.5852090914541437,-10.33592825638459,10.207943861279146,14.490631009913239,-692.9750504262925
-3.3446885671167745,10.967596428198156,-15.920012510471274,6.448562320308388,5581.76846024178
-0.18713397638408713,-0.4876615223367926,-8.186786872885925,-12.109488374566638,575.2963009066983
2.589672202186355,1.9600420496977002,-5.8339777445625245,-16.38663272305046,55.535219408844725
3.064273079339654,0.5488669630666518,5.165348797737703,-2.4285745646288692,-210.5668059151852
3.850659663179836,1.7912172392953507,-2.9761480208476483,-16.910217378673956,-164.96411239116588
2.025883696752729,9.505306835234382,-15.61491746790615,-9.417416748727538,5009.300007155846
3.581012625363979,-7.391241905992736,2.1400417981606346,-2.0414676570139925,251.05139924824363
3.361345737907052,-9.117740841054886,7.875463154668946,-5.810525060866839,-288.5394820647914
-3.4892212330135948,1.8496813703770767,4.393045331330263,-3.935016675725011,-168.67247407404673
2.1110171657304484,-15.064396894498326,3.191549216054889,-15.936055527577317,749.3737920976338
4.303707223198111,-12.730535360419285,-21.743134967410683,2.777601117518526,14139.106765557137
3.7696394622035587,19.666831483316273,-11.998864767434844,11.958096612802887,3444.9421066737273
0.9084235700876304,8.574683300614039,1.820806086722011,-6.577649613470033,28.20133981331424
-0.41687952261810324,0.8994352813098546,-3.548881847543885,8.70906413029456,164.82379739526135
-1.3549357729648968,13.380069359584398,2.22557601998812,31.95272056461694,799.2307941482475
1.606837965375763,-9.40599230085145,-15.663426769629542,-1.1017323616134336,5404.201207086572
5.399239638679166,-2.1560312338585823,-3.614947642848861,7.814520095394344,257.46727345546856
-3.8554123044448065,7.234536094243825,-16.89781018896207,2.361241081048267,6376.794118393577
0.020324810811506167,9.906716814313947,-22.536785626194064,11.635484750688558,15222.606948170938
-1.4194073662803222,6.129168468277764,-0.04220911493112789,-20.62379851934514,-235.73849999155036
4.3548725637215,-24.412388076882245,5.425887964569803,-12.68348121534258,2022.8669404746533
0.3370711202860974,-8.680821176645779,-0.543835720982242,1.7215671368565655,398.995408927199
0.5880870255356259,5.770680923568652,-3.329964802646661,10.643550793901582,207.93746781710954
1.349151290190053,-2.5595149304680636,-18.620143418292663,1.5662883103792826,8455.9343804149
3.3361797526843917,26.402316207591717,7.061070670975472,-19.974879011611723,1295.3309629290982
0.8228330055510897,10.265583009670964,-3.4404489737594126,-9.88335931750074,135.27967264473193
-7.1384291643997795,6.580818806186658,16.59562005205768,-9.536473411166604,-5968.102381883164
3.6299356741625592,-10.169495537467235,6.423143082769666,4.667903340036574,208.77673438821077
3.3171288730161277,0.6470326039708444,-23.051254266521482,-9.144467518085127,15825.106657425691
1.3413769150063604,3.412039642189525,4.550496802558879,-8.169685257609252,-228.57382426185134
-1.2521098620158035,12.277836301278024,-16.965352375731573,13.016970919652458,6862.558884187827
3.055340332044075,9.811310970996324,-10.59495490429064,16.02379532158308,1931.8846609371667
3.1377066006067604,11.329891945199456,-5.507566767601495,-4.959297664032463,436.7457452449841
0.5899013518973757,-8.23912015810002,-3.9406245036260366,5.098832068198474,469.60292516687497
1.3498055882733841,15.121516982986309,0.9756521561746618,-22.577805582376097,272.18899213350903
-0.790469507572964,-12.804307523072692,-13.22855040804214,2.3799247122640983,3771.0174952242564
1.4642327237380126,-4.359145616661618,-14.506920042566469,14.279736597549928,4267.231468451573
-2.6512880352504427,5.307711349456414,3.006052017330761,6.321380463088191,87.05128943471313
3.2519564630955067,-0.4989159173313933,-3.1325026793402664,1.212730132289662,72.18396589508598
-0.8331054724728815,-9.060368579203915,-1.2562695129847439,-4.663715681671638,346.4425587221848
2.714309443496936,-7.215498256031326,-24.9368335169466,-7.761504187096822,20350.372431980875
-2.2178887488036976,-14.482543228490425,-4.771373833153236,-2.1489888623256355,1033.3384346764142
0.22982706239138095,6.319746390071913,-11.907291830614959,-18.617293658835727,1998.0944484412328
1.6685317848022165,13.605688450421493,-12.206263730168693,19.325507739578928,3037.0021685775355
-2.9820994356077897,-0.0039350340136601325,6.219348042245775,6.770527684737809,-208.1438699368593
2.3454436194202763,-3.003488150134234,-13.956712289725123,-1.2292444105594045,3607.9294655338213
0.8625573113602318,-13.723229284664896,-13.928966063260301,-7.437657297928066,4254.403187173565
-3.227068593427692,10.132019242521777,-6.310106034017458,-0.8440754418929167,541.6585203478824
-1.9097282623369471,23.11304333239493,1.5028883064734417,9.573539307154114,1624.8149665014703
3.8153602522465,-16.974558043668974,-11.840147297480861,12.13737469462736,3533.465373448029
4.686667956653972,-9.634329381546069,9.341440357800614,-10.84429116078891,-722.1963328034984
1.6042740806600988,-5.7959304254414405,11.498475253612188,-11.682345122083865,-1923.3690751107297
3.2142854361214925,-4.643179096824889,-11.814470664684638,24.938759553699303,2591.118934996176
2.671530689938732,3.27345950143481,-5.450817555768555,13.639114292588232,379.56773504498994
2.988868946383214,17.142495472802274,-10.78675472657613,8.502239289936067,2491.3786659808447
5.857952021240879,11.085972868601036,-19.853821048712273,-1.6637549246084369,10448.683423228558
-2.5209951946428166,6.275973827743159,0.030110504561573936,11.088244059153391,184.9155165629706
4.029382197084869,-6.239287040586021,4.3359486822936955,-15.278798109973398,-57.49122432553289
0.8539731332665395,-10.196282336804543,17.118642631265615,18.381221058420486,-5812.523582742369
1.327223197245079,-6.967753063063009,-11.97409503631337,-0.42926669684592056,2483.42789958271
1.0932508086347899,16.480668013787387,10.36235090812621,9.490338025905025,-618.3394320934701
0.8745586500161484,0.3825669854209893,10.423536912579532,7.754613298742115,-1383.8588463190397
-1.6785885753490573,-3.468362536626212,-1.0214669043284692,-1.5788509351431366,72.46438765100912
2.5500175977728037,-0.8375573024999226,3.021634895760638,-2.104396261169615,-50.341602314695486
7.012829098366572,9.246182196384677,5.732730483007035,14.658997695311797,145.40883914357005
1.8316009386537286,-12.128496745497918,16.740999482418996,12.317968854991065,-5271.869701060242
1.9958448717947128,15.148741359224225,1.7780856261646942,-21.266773439765068,294.07617988769664
-0.06189711146999066,2.5647625694629896,-3.6013788550368524,-20.308868844677495,-209.4400379238064
1.6475763607456657,-1.1634397829572611,-11.661687990074721,-11.354647444273905,1940.5527845062554
3.398499278102092,5.42846113746739,0.053207550124980685,-10.722544779596427,-96.55918819118664
0.8892726778869713,3.1839707312993704,7.2416493277307,-13.42231047104677,-660.4398819716114
0.6385878768439968,-2.441964564673812,-0.5538963867052806,3.2653277191474563,86.58787119629422
3.2097936204897404,-1.527106720416067,-10.79923248925003,-5.564453365607675,1613.6483280654104
-0.7540143094571361,-7.688625468659522,-2.1092379750343664,14.473495461146042,506.6164484239468
2.757489881230617,7.563907508593024,-4.291534824601139,17.434533186204686,415.41861807513925
4.460965391784265,-4.3199380941116186,-0.35261242244292745,-0.34419884997111705,148.13513372050255
6.079845625038453,-8.562584224322828,-19.6184836721825,20.20149538407472,10471.42621850551
1.7288539781691594,2.658635226535373,2.5078861410273134,0.29057172168867834,-28.32367625343734
6.102791719420141,14.291412827455533,2.9542315676372306,-5.217487760998814,429.34523655898437
5.103229659444555,0.5165537622018038,1.4485343818650858,0.7774288715269705,20.403687920455468
-0.9886379211131984,-5.081012569516899,-3.0376281714502404,11.338320023916795,332.5158932715967
-1.6538155347794525,5.038960208359738,-21.059362626034215,-19.37353167239877,11899.066127987617
1.0851090864367388,20.36712462402552,-3.1932279197126343,-2.5031918666934674,1141.4165990700415
5.086806477784562,-13.519055294317473,7.607149993421697,3.568867923802455,302.99333119936006
1.7831389773199853,4.8220278778529355,-11.601288762924614,4.357015982862504,2081.6073707543906
0.1980273270266344,3.050866252318538,-22.892694661612836,-4.421236119874933,15538.303042922402
6.656729540145682,12.615338035591172,-18.40557971870694,5.865428911721655,8575.196980209706
2.860713464010039,10.909091736848453,0.14025691820603114,3.5054594154103524,309.84358902009126
-4.961782827372225,-0.8670911180977923,0.7287600885243757,-7.102897361668727,-58.979792259123215
2.9514818788780666,-15.84517255424883,5.86293194621468,26.179183547265296,1154.098761498435
3.5601218437126034,9.065637678962595,-3.552589957296525,5.274602472375692,305.5694212587982
2.6768259634133114,-7.3519269019148314,-18.003283759785706,-3.9742002020859593,7812.084600023132
3.3491363006959776,-8.467404109571895,-11.185041405936758,-6.860628401741277,2102.7067131471945
1.7981731732310549,12.483505806911262,5.188393725993478,12.35290701877099,337.1882180532215
-1.9551876089342026,-8.108503776386526,-1.595040925605241,1.2247174927688083,361.8432748341022
0.8878879903386396,15.028447401002433,3.498296346799787,30.577352373782283,882.3144548252986
-0.8368473866688744,4.358447214053131,1.3478880546103973,-5.231089475425063,-56.924311152395234
-0.7982227323831337,4.191184000862824,-5.049605517302959,-14.911283261427474,-26.01877175834024
-1.789205047306826,4.07264780505591,-4.740068375080337,-0.3323815060032311,121.77749221277404
3.357467277918939,-15.384236257417921,15.571022697558597,2.100809506049319,-3859.931481506617
2.2936884362378813,-16.76388616346576,1.1467426660922087,-25.421407615683552,889.2998852157187
0.6555039119578758,3.155530537886848,-4.285875503163606,-3.7100221725777605,36.50789690272417
0.05198621680883564,6.6800735922642005,1.5541999093680952,-4.420985296651147,-19.149119860038446
1.9297306849356435,1.8261103215620103,-0.7709418037572666,-4.425162434466605,-55.51230656900147
5.237584184337468,-7.215345170195276,-24.573563734944614,-7.5627089715672575,19494.946777782126
-4.012647146496745,1.1892210388219473,3.5008451437231436,-16.118310517061275,-258.17434320159356
3.130629562552678,0.17965846854515855,15.209392740896753,9.09645661706109,-4469.86631275699
0.36286407794665276,-8.571580982754103,-10.80279868390064,-7.006090127876107,1924.9660157749247
-3.653757534938343,11.139721541121613,11.54035748839167,-12.284417428810254,-1867.6617443161322
-3.837109249491876,-16.30276061550086,-5.568696973319169,-9.11921121381489,1250.2249662506952
-0.7383504824058753,6.887424068075065,-0.06528602350177737,-5.667878876963455,-19.11296136693119
2.6585286673791355,4.843234052112453,7.7036001697317396,1.3037654965563228,-580.3640555253661
3.179188801940275,11.097118548117143,-10.200014312908092,8.020067836325861,1755.8497496619862
-0.8169447180333558,-9.053118723488588,9.424939128184713,-11.438153976180852,-800.472780929826
5.051062974239734,2.0140714666821102,-15.142172813593392,-5.751568770653195,4454.9749048408075
6.268950489548319,22.71164949318166,-11.751547489139163,-16.146092736239694,3388.431027015116
3.1882597548696805,7.6207428899970635,-8.935203173475259,-40.70759992106851,522.7011291200208
0.22579199657566762,2.005812087289632,3.6200536645190224,1.8695271687790673,-51.64537410080513
5.373257553531104,6.391612741141966,-6.408744105694708,18.24004221000892,642.0208305778485
4.266187086990015,1.8617684238012002,-18.19974459585868,6.2649990402338895,7919.056950889139
4.602222234064754,22.9089801323984,-5.165328718498284,-6.084719473715866,1578.2452277696016
0.03060897508540572,10.836361957891794,-10.842213825343839,1.157749711262829,1904.0956069590677
-6.5036635158241065,0.14385045769502913,4.312936208403685,-14.097841211940734,-239.94150780893995
8.350373064451027,3.5233143138452125,-6.432350544551033,-1.467508296390966,389.07474972861536
-2.8326352103498014,-2.9079799608101355,-2.292259240993486,-5.132511036690913,15.457699021799662
1.8926957844193366,13.09850126410305,-7.054724571406713,-10.232570784808601,725.2854240751269
9.14223605365925,-13.061047713910108,1.3393896823028895,4.867826757655843,897.8810954897529
2.991730268823122,-15.047385298609871,-4.835907634705542,31.19840597254868,1528.1931611756665
4.847739420674706,15.587147496759936,0.25198714687065316,19.985394077216576,878.4264419472636
-2.5071897081451384,22.531197925705825,-28.933885647417103,-0.8648762558651502,32891.520786343084
-3.333000864201119,5.683049076895917,-2.0274912302221386,10.60937585659034,165.52505380338349
0.4018916240613364,2.1273794123573726,1.1391367011023315,10.352489208835507,112.61906871008945
5.272249203303501,7.572676903047773,-4.992800549145921,-7.770456308229823,185.19101365365367
0.96125165705807,-5.470535263827593,3.693924713925414,7.726848882007382,229.23145347997036
-0.3839089632144961,2.7124354515221247,4.386070289928207,-17.291905182073812,-334.7589367885785
2.5939018698349026,1.3890870585621502,10.04213891849503,-9.663580702218987,-1435.5491992840718
5.245805655431796,7.265642507453606,-1.9518839192771835,2.865034444873574,157.5143245350531
-2.334820597220115,-14.579985281833963,-22.138007046699812,-4.977451948285509,14954.721716482834
-1.6316289823700547,-4.070347697653375,-25.85499448789645,21.077743716362658,22842.430807422574
-0.3660077635280987,9.449956030008373,-19.018409520745177,7.7764852146641426,9206.53610063388
5.283915124136274,-5.755938276300631,-3.379070611841362,-4.584457453991665,207.55814967268046
2.7044645778461955,-8.933613754231354,-4.573052882805657,-5.646956557361786,464.3059616084909
8.39646023171133,21.42072149826954,-0.23760147980026236,2.243647298559404,1372.4971677971505
4.809337177493347,1.3811800017940037,-9.252459225571737,-12.666375463706192,871.3813988394396
1.8947144693909888,-4.789181399432079,-10.364911715057483,7.147343439534582,1680.960878137298
5.795233514266298,-15.923704374741085,2.550479424104341,-16.503623399345706,894.3725173037695
2.634491038195634,8.293463462804262,3.5592441137250193,7.4761223515288755,148.68161323578107
-0.11476405752233454,7.991361537186938,-5.566501354804808,-1.9751367837649534,281.5356135128761
4.0399245327353075,-1.9875960056993596,-3.384766582389533,4.975362217095179,165.23451342404888
-0.08897996158324872,-10.022301909070906,1.0431434332899112,-12.151031104055566,316.3490491949139
1.1288086975883997,0.7545057635762096,2.0434357516299455,2.9398224850574075,-3.6765341664505797
5.983348087873949,-7.358560674816214,-14.439806995987404,28.948172898151846,4602.661579578711
1.696155541347802,-8.420935888731158,-10.195738559179507,-5.486601029527976,1685.7343715403374
-0.4094241620248851,-0.03212751461707586,-15.305460456453867,3.8087983239482925,4711.876292988896
0.606986925693525,-9.513903986600646,-8.069066148368307,18.066803397087703,1350.1881122294699
5.0653717567660195,3.466489552524462,5.123335893418311,9.14044973832161,-41.458504008162876
0.3423779797498123,7.079925094063973,2.4627186694376553,5.182625809735567,113.19565379388258
0.8393874594480604,-7.396324471731914,-13.980979603625586,-12.164271270254297,3694.287486434916
0.4691217810991144,-12.682450953383906,2.1226672682598187,-15.331060467559805,518.494353598584
2.5517764830209297,16.61279598955807,-2.14156894657548,0.6411892881895082,723.1912745524652
0.8435307188731751,-8.402702359572048,-7.939267070859207,-5.558830263758425,950.5106338156627
-2.805508146917611,-5.599427051023376,-17.064596551036313,-0.22869856530349342,6655.200565253757
-0.661542825535121,3.1301716742988734,-4.748233716177669,2.467880088234204,183.97086642033312
-0.7983671245193147,6.99369372522297,3.7994400611595553,-8.117134066114621,-113.41497185323828
5.729958153365464,-1.5631689368964277,-24.630976483961255,5.929236312167033,19546.01293482654
4.438022126327127,5.607943277012556,-6.961231977514495,22.302674263093234,774.3147077569382
3.761778138199478,-3.00986157896401,19.542836988049622,-12.112091848565324,-9769.454627612291
0.4839250482067703,-8.711706648243908,3.726367185680938,-5.6345563022509335,254.36975570726202
-0.4473746259819138,15.263168607870274,-0.40167504996523995,-0.5953279041599733,589.1367823115911
0.4774471950279289,25.88441614331128,-10.37185169570914,13.685516087287098,3520.0121071704193
-1.155640307655022,17.95969533014169,-9.783298378739698,-14.236584008180422,1876.4686385193095
9.491601174761021,2.418066391534545,-3.8328839569996336,-12.781777252608979,-28.28784098022677
-4.7359649451142065,19.334353618156783,13.02863629377136,-25.963932153796343,-2178.047538157803
3.6920256052214273,4.557035157239845,1.6558919089493047,-5.284346558566192,-60.50018535362388
-1.8536568939775817,-3.7728627040322937,-11.721583977708226,8.161749192261993,2277.791493979067
1.686969525515922,5.663795743819788,8.767869623838639,12.782696507737686,-686.420707191465
-0.9640058274812033,0.05607493588815038,-5.9259420715809075,4.285843935692781,334.34785625640234
-1.5328868874478925,-8.831181837457077,13.97346481013949,-7.211483752589485,-3257.2265989465054
-1.4205889028048846,-7.98321971432016,-8.66603024637704,8.477659364428483,1291.8134370934615
7.2649584612261755,9.02051738740516,-13.03265756903889,2.451823087393387,3115.8995148632594
1.601034733071224,-17.46531981664673,-1.2537042218643,-23.04846718715916,998.0201258107666
-0.297106583434259,7.0413674044268415,6.823269838002981,-14.737137991386469,-538.5072450192552
3.667360892248619,-15.295836027484384,7.374447967309102,18.142383662355563,719.6843873195243
2.031047943698898,-20.211764449024358,-1.4080823333118848,3.866460995703263,1746.599703205568
4.160101278024959,-17.388466037584983,-12.880966879686111,-16.497532662102955,3856.36434835827
-3.4727699678134893,20.6676397193474,-8.05340721897885,9.839437296741417,1979.452486985885
2.9108117133860043,-0.9623396494354202,-23.182818683542166,12.737219517151669,16375.272022128876
4.318084511307145,1.865831801654191,-12.131215375688202,-5.220408353516305,2247.242762489016
-2.9847948733436915,15.192550459109512,-4.784568148972632,7.892185156641428,825.827211544516
3.3445858532699373,10.34179748499725,0.8900214065347916,-44.88120765542135,-313.2104928485957
7.088544718484481,-12.915052694042195,-6.394543214647792,11.68292154225789,1291.309204475123
1.9554268899358918,9.69006342818761,-3.5697905497773967,14.101864703038501,435.2059685920443
4.464217811074434,2.841812647035463,-6.961854447498169,-13.496432577164798,278.026359934371
4.01171135093273,-2.416780975958806,4.510253041897702,3.3850247941836535,-9.837759232486887
-0.12251709253173093,1.242909141377804,-11.991129384265388,-4.057446516569266,2181.9530929659963
2.1193002037594857,13.798120206280219,5.3754791414632646,-1.2303537692499278,236.92752979194125
-2.700984132584807,-7.859664820409529,16.608808125139106,-5.098565334420818,-5699.129486646488
0.6460908886924217,5.008856791041212,1.7278965602193113,-15.98754560225785,-207.59563452911473
2.7970639248987075,0.9034276346709166,-8.270916102240419,22.684844436979866,1022.6628477992086
4.169301481213394,-16.971646153956186,-8.362701440867852,-3.723730194950598,1946.6304885210207
2.073836375743735,-7.022531717308109,9.098372221840975,1.2570605311467626,-711.5571481683806
4.159951190429496,2.9321355323369644,-14.265894258719975,-12.11280696301718,3609.1378232436537
-1.3087186388661092,13.973420890928907,-12.53804420272564,-12.44240593349216,2893.4039723336055
1.6949081763353853,11.013310173467296,-14.644484538704646,4.951180980905998,4413.803907803048
2.057838153539232,6.97212504403425,-15.785138405206862,6.316704961813356,5264.911927037589
7.548773740038909,-7.152756611364586,-13.44816319379857,10.535090031896935,3606.522758029805
1.3575000313997472,19.01213990808535,4.899049417854931,13.245288029924257,971.080873067666
0.5029500860174514,3.152404676396115,8.022825645880243,-2.522490486009143,-725.305903185598
2.0640536715306457,-9.063655216785502,-9.970730723601832,-5.330436767915387,1627.0375604268768
-0.7573403346098311,-0.8290498085695099,-0.9266595395431012,8.9617659941872,122.20875489380825
2.5782615471956483,9.962484253561593,4.5915667510823415,-7.649270441165216,-25.61953604908509
0.9048343503612271,1.076174983181581,-1.9943579690283704,10.461101950773951,113.48219631930853
-3.3739826441235508,9.86864686582761,-12.54942757617239,4.494003446907469,2834.463734573325
1.8242403465984174,12.036939574621503,-17.704017351380813,13.86031721500197,7713.203548940282
1.0473707182094023,5.005306845987062,7.104275531255087,8.04470026617397,-346.9823522700801
-2.8972699062039498,-7.57702623046894,1.9617941228838047,-12.653349886693926,152.0031922327723
1.7985975361564348,2.3545466318998054,2.769558933986538,-10.387603699032317,-158.5732025303328
6.468067886223441,1.45165855938831,-14.076469009010301,8.789823564088657,3777.976425426989
3.563911244827141,19.593463338516283,-0.6502280711094808,22.884670109013282,1334.7518754029327
3.8357815781934734,-15.2632193782683,3.2899958745682163,-15.87374040939622,779.6445121305109
-2.0244901767491275,-0.3482245109435407,0.14033843647145527,0.2785392519032753,6.412827791066907
3.4306951067666676,-4.840935467949193,-10.45023216807689,3.3800946897658943,1669.5512999320542
2.4453487441402344,4.351056201959989,7.122605100653356,-18.30933014238656,-683.7430183154828
3.5871357150032948,-23.375643591993562,-18.276319481787738,5.737499956356159,10200.026038191467
3.267885865126477,12.1492455949028,6.2874192480694155,-1.1174735045692552,23.145805068020067
-2.0793421765114406,1.1374848733553367,7.810559440870733,-25.158689774587778,-945.9417383392873
1.8757975653260976,-17.44701163628046,12.723303175352248,19.460735738995144,-1153.0386141175443
-0.2736125812754979,-2.6111313473986613,-6.42492190250443,-10.358498628852873,276.69703194520685
1.8497477171455337,7.089623416545242,-12.994300165615206,-15.390040971540504,2719.536262637616
-0.6922027807054913,-14.914478754580315,4.9388036230838015,5.041699466540326,861.5435663802858
5.937411101422989,1.032222164431557,-9.992152790869744,6.689841550858757,1382.1538029769824
-0.5769171653330272,-9.5747364780153,-2.5600448855601123,8.836936844355261,577.910692552706
-0.696826469396608,-4.559850318789673,-6.17462217160072,-4.632040346511742,383.1839866371776
2.2237592196306606,1.2673838267463693,-12.020719714130848,-0.13097205469091694,2254.232892193136
-1.2312972082119842,2.834502535815763,0.20999466184891613,-8.769681158086385,-129.15793872268122
0.7260100927014028,-3.7074249818272724,-16.92015916558036,-15.722367667586497,6188.644792708527
-0.489893792613886,3.7279638953026413,2.922056816440394,12.94956778865083,117.92108773716254
6.233516191668835,9.179776072548057,-12.669310884567345,-1.2331522202135232,2827.0336188887336
4.357411480493518,-1.789142751032398,-20.317313464679263,-2.1877710650754776,10917.564429392289
1.827591444603816,15.31567757449291,-3.501074587902928,-23.991211103943982,346.27485821922
0.8263488434779513,15.622141707804195,1.3163385281122322,-2.1404532513640335,584.8430919403124
4.82275284372534,-3.2870206558582886,2.7693459705322434,-10.10993396509739,-41.05801185925533
3.2156122409686643,-5.378405564735843,5.183537308271614,-2.0953638377977954,-28.926491332015818
3.4941572140485704,-15.641729851661736,-26.536403996904134,-2.630929822282476,25321.349707649795
1.9214232879672486,-0.2656933163938986,-13.051444309566715,-5.357577495995554,2841.343947721794
-3.0646900833142965,-2.6343778011605137,-1.9334770549696787,11.26606371493367,209.66531385986818
1.6626020523213418,8.790512201329916,12.190032799361454,5.364649827889879,-2148.5565522007887
0.4025302423727968,-14.096616060682988,4.837444936747278,13.525854173658551,911.4645297951034
3.9351658203796305,-1.7739139174310985,16.013400518481124,-15.897928439516694,-5483.564787303878
5.035527298982567,10.687443931111453,-8.24939422913999,-7.787471129373782,904.462898184343
0.026146865716494272,-6.303570955579599,-0.25583004717991376,-0.4833698198674413,218.08246505381226
3.4051557028311548,-6.623615367276093,-13.999708075693071,-4.87966763884121,3767.7297715569953
7.20763699305714,-13.469403347558085,-7.043522196239998,-0.9510927059608543,1302.3882514772386
-0.0031381617116768012,27.205738460182392,-10.352957182829735,-14.185240791699876,3397.815020699562
7.045765220219413,-6.474731780653794,-9.339886593167213,-8.59413668714689,1230.730301792525
-0.5577575415119411,-12.00346832218339,-6.934491211856633,-19.698647458224155,842.8933417104525
2.0688792668238545,-7.0385040403152,-2.972824601093191,-10.680306621278866,177.25399059832182
1.9665631644744763,-6.742950804868045,-2.777873354835159,8.330120644704165,381.96139773199
2.034496699610187,-1.6938977845124028,2.434534395827254,-2.570482617191403,-15.490233713545404
-0.513034125723836,9.253722320875148,-1.6001153261314065,18.069038865090096,389.74425779329914
0.2264506887067108,-1.983231689958337,-6.440456288496254,-7.146406491668149,300.3097685899371
-0.003160859078198186,-8.228233149968279,-8.225785415319466,1.428852970467953,1100.0000673318627
2.9808877862133722,-13.513384981910251,-6.07131720158684,-14.55902796182902,917.787110914673
2.990105343530935,1.2185735821987138,-7.490371414469656,31.20806244500885,938.7230599958582
8.677832995214777,1.4253907402979071,1.9097105518197965,-2.143447184405483,20.06216393435916
6.1129670188733645,16.309323510288245,5.655251906712625,9.95555808359298,596.0907309452228
0.4704702735845627,1.9244773546980858,9.740445379470845,4.960620250405837,-1157.7786326467753
2.9746088473885584,0.009916887159226229,-10.977027599404174,-7.006545778071315,1625.4647299790965
4.991353942375278,-9.506538365874896,1.6937222533875005,-15.970815378428282,252.27471663538782
2.0918054730155533,-2.0595257509839193,-16.946796415926755,1.8737174944656882,6394.327699205332
1.7910752646591932,-3.3847445803460605,0.7317471825257815,-6.681476932359999,-2.0809234556551823
2.154724828309667,-2.7016416451370255,7.826722820910646,-1.866051617900783,-568.466284040231
4.601829886425284,-8.592553926405882,-4.49589501666995,7.815624705568586,597.0122136448038
-0.5449615684156974,6.383296032761768,7.726360472588732,0.938893870084553,-542.4705603634736
1.0229915935394776,-0.42445417509369365,-14.385678703154767,4.525395568423146,3925.585017550726
3.411299434539446,-1.003534800049874,-11.886452830916367,1.800558912669263,2244.883781206035
2.9343412146624663,-16.140461160489963,-4.358098426436865,-17.606991991806094,993.8761982113875
2.7187482795691738,5.936440875248639,7.222103545858243,16.752746348416068,-236.01643397714014
0.8905965010885903,5.870153259803795,-7.174294563419882,14.110227557217033,700.4500232165187
4.91760736742761,-7.391294028422138,-7.535531009087746,-13.633978251080608,712.3919599755734
8.401604741613612,10.901213838791938,-12.916283583780206,6.063607337126053,3197.948621982865
3.2192464810286188,-12.647582300824324,-0.9711895555737842,-7.944291241942288,648.9632025669193
1.4204698953504802,0.7813009121092013,9.466951408944356,-8.962996044759247,-1232.7986403437224
4.267220866683628,-1.712073398901639,4.006801090936924,-0.05809993602057073,-40.01705053285457
0.38260208974103005,-12.171747888057943,3.966506543362647,20.972018765972383,845.5001520308176
-0.24907103410868991,2.8970261207999575,-5.069744749236641,12.69549073778262,315.1312631303499
2.0984262428411355,18.02570152241791,-8.633093592639145,7.262656299982295,1759.864530177972
-5.748389898909833,1.6763423006691975,3.7724591641637026,-13.80726762904861,-214.68899929470444
-1.4618510909560283,-3.6302175410905093,-3.319110756341409,30.65339302501653,535.4161809086678
0.9561144322374626,5.470241568856783,-4.736082357193817,10.484772547928115,289.0024894359141
-2.06016657444314,2.0571999546715496,5.982406224036156,-28.186049038981338,-627.7295781756518
-1.0979293056763888,1.277621316255015,-4.977874516727299,4.793692022501902,212.10026584182606
0.6897549876259779,-3.25542212771448,-11.377762593852058,-5.864336591017002,1912.055855965325
-2.9288958805918277,15.219755592924647,6.091884953309661,4.919788271387606,340.97697864193594
0.7817846112205042,5.563633634807854,-2.1928010956613333,4.807684401714319,93.91331139137834
0.39418950640146644,-4.2867065893548855,-13.37029343848692,-11.022228917641257,3094.1373258949884
2.076215625155048,-0.08003836780957929,-14.129058948716162,21.91062902769233,3951.015546035534
5.462552091482058,-6.408667042040726,-2.045881241731332,2.3974154570330892,304.4825734350694
2.517513249478598,-5.082911500814951,20.374096614782758,11.296174878124909,-10697.663934777303
2.063186064026191,-5.40725724190199,-6.928206035462084,16.217082776978437,811.6097325816016
2.2983633710921354,-10.343115937222274,-6.362738590855785,-8.857891175423836,730.4178703758905
2.6821783253633855,8.772769637679554,12.237711976170534,-10.941221817678283,-2358.665116622138
-1.050215945829307,-1.9104146327302578,-3.572811997905154,13.462888186173195,260.3420784626203
1.6556740256876055,6.5412757832676975,-17.48466863247988,16.714049193082282,7209.816173141916
2.9262537255098393,-5.701258977272965,-18.72796452548173,-16.524222849493647,8528.019655402331
-2.1122799476291814,0.3963750560766135,9.266639737874803,24.134918233891945,-750.0271662522345
4.59695876844756,-6.110405967911112,3.6635454225018886,-2.826039772006235,131.5688140147938
5.244128103374569,8.196681705373317,5.261257084311929,8.301414342148613,60.70788773519821
0.10587203465183359,-1.4841930670503825,-3.5775655837871274,6.772658509256718,167.77891999006715
1.2759866256406864,-6.308735859513859,-10.267120259827976,-11.656107837999926,1468.9093584217126
-0.6345710284302193,-15.417032288097843,-5.17163115724167,-10.368577667366717,1071.228147062975
4.0981414507634515,3.756665493407744,-1.6396878262562324,-25.0031080715391,-301.5329899033345
-1.1836668623377276,-6.083850523381071,-11.38311155698701,-13.813801627518732,1956.812377960998
1.332568969271239,0.8422078287900483,2.614499095511267,-17.789711528911486,-244.07551790819568
-0.5767597234230148,-3.9173010801352763,-15.595961687997214,0.4822861892435252,5035.535987232323
2.1528628310338687,10.541895808987649,-6.327587645752237,16.43282583266498,764.1577168211628
-3.382687814469163,6.44144752358008,-5.04007872476503,-0.3257391679976954,222.8994793687475
5.9793849270970805,5.472120874548315,-9.910198131753685,4.06624994619284,1360.0889009936557
-0.8938192726187921,-5.161211233234792,-25.05505355019822,9.336042520415145,20727.61043798646
2.179684049348828,5.662900435501895,1.478696641112526,8.156513292243595,126.19909022465154
1.3624308656890725,18.148316086760428,-10.557507604402671,-4.629978001338017,2328.108632724707
-0.2863435357674944,-7.321860341500621,10.257079593243715,-17.560140730002004,-1351.503303814709
-0.6633404099078062,2.7233913922918878,-6.4198227768405225,-5.157666120487811,264.8134139463475
4.809195630657379,-15.49216974417132,-8.413595884312205,0.755512263166858,1845.5796399508804
0.423078220694181,14.985620921255355,-2.084780532211229,-10.459742553249715,438.6029161531457
2.8135105539119327,-2.9791209859084145,7.534397486304481,4.343528528412582,-436.4396934425782
-0.4044906561831243,8.825788808419775,-8.634076631181697,-3.5125451513057095,928.9186793675899
0.058455704456717994,-16.23228250716323,7.147376948297769,7.46185833013071,743.2641498677598
3.4167414502635465,18.975393871259048,11.403036410176227,-9.638873714217901,-1067.1989891568192
4.791225488333349,-2.5687152802559847,6.903228106559455,-11.063611911712606,-470.7219350475
1.4740507930189402,6.456573234700275,13.264314909922572,21.288676052447244,-2716.519353075001
-2.2657596149213104,2.508182063325938,9.926460210124688,0.3450748525642351,-1267.3805090052606
7.993868239250014,-1.5547078618776942,12.148822938930058,6.635566192746435,-2171.146289630445
-0.5696479247026285,17.857923026593035,13.043263194156413,-13.181067034705833,-2210.776789012765
-2.624762199015363,-15.480462063661797,-0.9193047037003619,-4.527173465785511,996.9051519743184
9.783273763304456,3.987136599920089,-7.292238995721983,8.18603379369138,696.8464404134091
0.7879031184471885,10.106456722299702,-25.622436352438058,18.787390315753015,22318.607278423857
-2.385198064784224,0.7014387836363374,-16.227331195217957,-8.693820897594536,5456.002081882307
-0.05031930036604537,-0.18170784366591808,-7.482827991587956,-9.635008937267601,431.8168523746288
3.102634688066807,-0.42687712073465045,-6.81735087240566,-0.27202728413217137,439.20264043504375
2.570934672781819,-11.27636420410408,-4.527944634020866,-18.29274179698634,485.4617298929644
-0.5551875917607698,1.3812738409493466,-13.0076049024875,-0.36159967773151774,2839.498852587096
7.468170800383878,6.127175234723987,-18.95777611441314,-0.776740615384717,8958.336745395729
0.4352609660198805,1.6859922748066052,-4.3022316646672625,8.696989803951125,199.2050311746205
-1.5540597712346562,-1.7227610114508058,-4.894179288117906,16.97531691226765,384.78842286251626
4.882080195381979,-3.8972502237302677,-11.07554041549866,6.838131813601091,1978.9940211161988
5.987188539619047,-1.7929666927837218,-10.421521616503846,8.898612611516272,1681.1409328160532
-0.4524792928486794,13.577442174960382,-12.401565918724067,0.6273474136116152,2898.2415465867666
-2.2040418791179315,-19.866349794205426,-6.9652373901631774,-4.316934917713915,2021.55275145661
5.091314802246814,1.4007145654777546,-11.563028269952513,-23.951722429881173,1718.4185771247446
-4.141970839173885,-2.2775491729641675,9.598753315170155,-10.634649830095398,-1211.9158463253498
-1.6798649781898467,15.558079518368434,-0.5900326795487896,2.607200216319962,646.5403702809248
4.902338450150705,1.5549222544380277,-12.723179180265172,-19.747124685479903,2427.340761878145
1.8339423559328312,15.849255986999541,-5.8044778146745415,2.9146778733992424,908.0443621433227
1.2081879542219365,-20.23890018045559,-14.802856063511907,-4.810016523215413,5823.615815010823
3.058449819483135,5.595849048340562,7.121682951747879,-12.258718230980282,-587.3684487751154
1.541676729363774,3.8005786003768014,10.841867245808201,-5.6402917998600355,-1747.5297796801392
-1.8960601664892707,14.90533967073938,9.520019827530312,8.745378255139194,-458.6481515309847
5.828226038018562,-15.413486088230293,-14.446926312425976,10.62601331543373,5112.751287111657
5.975042158660446,-0.550358081183258,-3.9126701972617592,-23.244256889390872,-165.24072518582366
2.615997691333879,1.6606026178649258,-7.015706755129159,-1.7938081457840451,419.5837773565194
2.135402046296031,-3.9579549454520935,2.6201310591418165,10.966615899402084,210.34729900318644
9.018874418060173,13.165777137429403,-13.07909803283898,-3.094738315312288,3351.084915600002
1.1707014649524883,-2.386821854453976,-9.758916940010167,1.3057832509705605,1276.6901701005306
1.2212690544978817,21.347625440211537,-7.1321702835180805,-17.944930503123235,1506.6322042704182
3.0934437477215164,11.541779089389227,-1.4671153086757611,-5.760403881819545,232.59357216475507
6.413965868427015,10.508336970037996,3.9412870813788636,21.945305152658705,476.371285446256
6.778312263252451,6.592989813908843,-6.287276927366078,-9.456816414184189,311.20881682748245
1.2242821049696864,-9.636955910255478,3.6396507552622186,-17.287588118352208,173.37783367626096
2.9249937378780357,-3.310963375107571,5.220763567971378,1.7936611027008713,-68.34190341642852
-2.134250401192231,6.727513668572159,-5.13215236871821,9.463551996788867,371.17634763408944
1.0640716762513611,7.7755703358771715,-15.456581328655968,14.325725887503072,5062.376279247551
-0.5208711864379194,14.071838450812574,-14.711903354341404,-6.212671705503247,4533.103754305064
-1.0204952568969512,-3.674410096259064,2.9172697515156827,2.669706919544634,93.41948154457813
7.044730148801983,-7.601533849246632,-7.762244363146694,6.532258539424717,1032.5077817054912
-0.3768599854184349,9.591041927855306,-20.12629322682455,7.79052633401054,10861.627803708598
0.40518227596563516,-7.096265760401128,3.1295236818300056,-6.566432928114532,153.1358856497832
3.097546363750575,9.733118360704122,-1.7044547945378103,20.552699170748326,449.848320162497
5.893475800920756,12.997361764150378,-17.059670811426283,-8.247564270608773,6783.069274359491
3.443345379166506,5.561530358270554,8.794199812026458,8.49446590431762,-746.5768545892732
10.278065342064746,-2.575790319685979,5.366359871577494,-0.2629348337463068,-54.824220038455366
1.7759960652465514,1.4108222614387957,-1.6125474870982068,-7.046622768294252,-82.07651397401868
2.776149320689238,6.934659196032391,-15.74319367734417,-7.714215587550813,5066.651715953856
2.826802021952169,1.1018551871207347,-17.02330532885283,-7.036162931042808,6322.594556439185
6.305148160367463,22.982963386704924,-6.070684868414365,-5.362452780639563,1741.2078344507138
3.521716853328846,-8.906709306271491,-20.139153895502893,-12.22662719227091,10888.868070219316
1.6513108988385528,-9.02668587369791,1.050802731844854,8.368916438541241,511.1887586835013
-0.8424657847206385,-8.768953867353252,-17.108233133803367,-8.442183787442666,6799.251767623813
2.7333303678848977,-4.895799225452157,-1.350872707453014,-7.3802501844059325,74.027169622397
6.204034493875879,-20.789315201949094,-5.881314527267264,5.8642870944988,2147.086520459481
0.7688546190263883,-5.2965042694018125,4.117852680970441,-1.2955433176037803,64.09580203626479
3.5868308552497465,-5.53284701927889,-12.379475952614882,-17.062843623346943,2449.8414509996096
2.7384433660545326,1.7851402517417627,-0.26270550475276,-11.232113982531198,-142.1259408755119
4.590558975143944,5.178005832060815,-16.948401928346435,-2.358686933051921,6323.618048865082
-0.41426122191360815,-11.402163364077703,4.95549551769407,-6.899854048409614,347.04294472755447
9.039941091579685,10.000542427640724,-4.149617662774947,9.005790447036478,497.6217561691295
-1.8374833210847745,19.02242229790547,1.9585066896543042,-9.172824347889751,855.75858804361
0.903346730041888,-1.0828510309499633,-16.205253468280322,-11.605524852518538,5410.423061549697
4.814277622716936,16.743712374755717,1.9908427567176652,-12.126554505343499,569.5147769679187
2.89019951748234,2.989894944051877,0.062033963037085194,4.8798869634916695,67.1268946917168
4.489958477243309,20.88731918595391,0.6369789271336312,5.801660713028799,1281.1934794916458
0.5116929980523128,12.172834656881903,0.12633963013986005,-20.06933505085057,70.78202898756236
1.7755850519589769,-14.639046348397663,-4.934638827903477,7.4649023582172305,1189.3955021452414
2.036695950916452,1.1862737066135547,9.41299220315991,10.331679245951358,-957.1799108962116
6.707778843607713,11.543249749040777,-4.558979857657036,-20.29197314170859,214.44972226807738
4.071287073149147,1.305465810406169,-10.391692003908286,-8.285177152331526,1354.782757290729
4.390016325094014,0.6311646915493305,-3.587261933689386,17.146709092295712,276.92478475355057
0.0262217223896144,13.697647503143038,-12.505179454445303,12.073220472302992,3122.7197382096897
4.9066479156891525,-6.09854182146104,-7.63996423330844,0.29751191101250446,832.2121627379361
2.6767449907064105,1.1751561327821833,-4.7724661618939885,6.014992755473181,211.13235867800407
6.167435947033782,4.236257646091187,-6.7955412064586,25.34423548344089,775.3371921214183
8.042180464755404,-2.3379096035356417,-1.0060292719451427,6.033563681431462,187.241985405134
1.0797026719189864,0.7987089612246252,16.457613913063266,-14.649706337026705,-5969.562177375684
0.7810906086648124,8.750232632241703,2.7094983984612044,16.37926799520992,295.1690485465103
-0.5921349733071084,5.328376214999939,7.723006472880915,-10.451266687495421,-706.8046088126378
1.5692614648510383,-7.087175319795337,-8.037094373682365,11.926826830174015,1084.8216551269948
0.8539236531488492,-10.041239857992618,-8.870162885051485,7.875247931482665,1480.6894794351988
3.0785131987130305,-6.891021802566502,-6.781780468929897,10.674162636069138,789.6737025650748
1.566299549198792,1.012484557884866,5.528890972688773,18.491195704909888,-7.400801924651007
0.9152021576551406,-0.5993978775704281,-24.48118478230898,-17.590971942095425,18883.06185511171
5.193755408383556,-7.319574932171248,-13.331647752913673,-0.8350626592655671,3373.6308767844
-0.8136406934543552,-4.981504525164858,-1.9766415316578012,23.35259403055054,462.91213013174826
3.299323859454031,-14.200392851920636,-5.240923670629288,11.716580934239367,1205.9115670373733
0.7821748184345498,5.17853703217326,16.67729682143046,2.1259000480957555,-5962.277629202646
4.173105514609893,0.5998127464836708,1.4768321574265633,-12.278077560347402,-148.66767129356057
6.155784640166692,-11.597873434052701,-9.621914435304808,1.2806459154234917,1838.3543820484203
1.0907052397277819,1.2862050418778281,-18.77607068539347,-10.94257558252814,8468.34713066065
3.323098721819454,14.426220105103532,-6.4056003493786235,-17.620403477573113,631.8256419697224
2.5363785971995396,-6.399358529652597,-16.03220082678415,6.91774443670263,5680.003297302081
-0.3982671986292896,14.151376657209724,1.6675065041843515,0.783667264060177,481.6055645392544
2.7223625292258156,-2.2345747248342382,-1.3889367775832155,-9.282153633128537,-65.07847508490855
2.8673615158364365,2.978281678498678,0.20031932092731264,4.739378267546973,37.7678330604603
3.238612461338524,1.9775080242218528,17.79176664795037,-6.046678653457786,-7403.701781690828
1.4048033095398629,15.015234160052454,-12.074659814202978,21.35470901048857,3116.8702763746633
2.2825769009304397,2.584338467855317,-4.924042077959068,-0.36686933243949704,149.38603540899985
-1.4428328345294057,-10.419014192038466,-15.12515744488909,18.92505854964115,5249.947357404882
0.9256577735604297,-12.109703704412123,-3.8059851615012548,-9.753625210066684,621.5557328054956
